link,address,square_price,Area,price_start_from
https://krisha.kz/complex/show/almaty/ramsevo/,"Алматы, Алмалинский р-н, пересечение Ауэзова и Гоголя",630000²tg,1-комн. 41.9 м²,35728498.0
https://krisha.kz/complex/show/almaty/ramscity/,"Алматы, Бостандыкский р-н, ул. Жандосова, 94А",590000²tg,3-комн. 76.4 м²,54014800.0
https://krisha.kz/complex/show/almaty/ramssaiahat/,"Алматы, Жетысуский р-н, пересечении улиц Райымбека и Суюнбая",595000²tg,1-комн. 37.6 м²,25229600.0
https://krisha.kz/complex/show/nur-sultan/stolichniy2/,"Астана, Сарыарка р-н, ул. Абая, 10/2",400000²tg,1-комн. 39.4 м²,16548000.0
https://krisha.kz/complex/show/gornoe-solnce/,"Алматы, Бостандыкский р-н, Проспект Аль-Фараби, 144",960000²tg,2-комн. 75.93 м²,72864000.0
https://krisha.kz/complex/show/astana/westside/,"Астана, Нура р-н, пересечение улиц Толе Би и №26 (Бухар Жырау)",340000²tg,1-комн. 37.05 м²,14079000.0
https://krisha.kz/complex/show/aspan-siti/,"Бесагаш, ул. Кошкарбаева, 1140",325000²tg,1-комн. 49.88 м²,17258480.0
https://krisha.kz/complex/show/almaty/jetiqazyna/,"Алматы, Турксибский р-н, ул. Сыбызгы, 100",300000²tg,1-комн. 26.74 м²,9626400.0
https://krisha.kz/complex/show/nur-sultan/molodezhnyi/,"Астана, Алматы р-н, ул. Нажмиденова А-426, А-427",355000²tg,1-комн. 39.8 м²,14129000.0
https://krisha.kz/complex/show/almaty/shararcity/,"Алматы, Алатауский р-н, ул. Северное Кольцо, 92/13 блок 7",325000²tg,1-комн. 41.01 м²,14722590.0
https://krisha.kz/complex/show/almaty/zhana-kuat-kg/,"Алматы, Турксибский р-н, по Илийской трассе в 2 км от границы Алматы",300000²tg,1-комн. 33.9 м²,11017500.0
https://krisha.kz/complex/show/astana/altynsaulet/,"Астана, Нура р-н, ул. Е-429, 14",295243²tg,1-комн. 51.81 м²,15296550.0
https://krisha.kz/complex/show/almaty/altyn-ai/,"Алматы, Алатауский р-н, ул. Момышулы, 100",395000²tg,1-комн. 34.96 м²,14508400.0
https://krisha.kz/complex/show/atyrau/brooklyn/,"Атырау, мкр. Ак Шагала",519750²tg,2-комн. 54.96 м²,28565460.0
https://krisha.kz/complex/show/astana/safar/,"Астана, Алматы р-н, ул. А83, участок 11",325000²tg,1-комн. 35.64 м²,11583000.0
https://krisha.kz/complex/show/nur-sultan/buharzhyrau/,"Астана, Есильский р-н, ул. Туран, 50/3, 50/4, 50/5",390000²tg,2-комн. 74.3 м²,28977000.0
https://krisha.kz/complex/show/nur-sultan/tamerlan/,"Астана, Алматы р-н, ул. Ахмет Байтурсынулы, 8",410000²tg,1-комн. 44.4 м²,19580400.0
https://krisha.kz/complex/show/ulydalaavenue/,"Астана, Есильский р-н, просп. Улы Дала угол ул. Толе Би",403000²tg,1-комн. 39.37 м²,18425160.0
https://krisha.kz/complex/show/astana/asti7/,"Астана, Есильский р-н, ​ул. Е 496, 8",450000²tg,1-комн. 35.69 м²,18915700.0
https://krisha.kz/complex/show/astana/sultanbeibarys/,"Астана, Нура р-н, ул. Сыганак",370000²tg,1-комн. 39.3 м²,15720000.0
https://krisha.kz/complex/show/astana/tumarresidence/,"Астана, Есильский р-н, пересечение проспекта Мангилик Ел и улицы Хусейн бен Талал",370000²tg,1-комн. 38.5 м²,16555000.0
https://krisha.kz/complex/show/atyrau/baiterek/,"Атырау, ул. Азаттык, 72-а",380000²tg,,
https://krisha.kz/complex/show/nur-sultan/atamura1/,"Астана, Алматы р-н, ул. Шаймерденова, 4/3",350000²tg,1-комн. 33.1 м²,11585000.0
https://krisha.kz/complex/show/nur-sultan/injupromenade/,"Астана, Алматы р-н, ул. Нажимеденова, 7",460000²tg,1-комн. 45.2 м²,23278000.0
https://krisha.kz/complex/show/nur-sultan/dastur/,"Астана, Есильский р-н, ул. Толе би, 16, 14/1, 12/2, 16/3",362250²tg,1-комн. 37.37 м²,13537283.0
https://krisha.kz/complex/show/astana/happyland/,"Астана, Нура р-н, шоссе Коргалжын",260000²tg,1-комн. 34.21 м²,8894600.0
https://krisha.kz/complex/show/astana/buqarjyrauexclusive/,"Астана, Есильский р-н, ул. Туран, 52/5, 52/6, 52/7",410311²tg,1-комн. 38.06 м²,17330842.0
https://krisha.kz/complex/show/aktau/kyran/,"Актау, 33 микрорайон",200000²tg,1-комн. 48.82 м²,9764000.0
https://krisha.kz/complex/show/kostanay/avstriiskyi/,"Костанай, ул. Курганская, 2",385000²tg,1-комн. 45.94 м²,17686900.0
https://krisha.kz/complex/show/almaty/armancity/,"Алматы, Медеуский р-н, Халиулина 140/5",475000²tg,1-комн. 44.4 м²,24909000.0
https://krisha.kz/complex/show/nur-sultan/asylym/,"Астана, Есильский р-н, ул. Мангилик ел, 30",515000²tg,,
https://krisha.kz/complex/show/nur-sultan/goldland/,"Астана, Есильский р-н, ул. Е-344",389000²tg,1-комн. 50.8 м²,20968000.0
https://krisha.kz/complex/show/almaty/autograph/,"Алматы, Медеуский р-н, ул. Жамакаева 191",15²tg,2-комн. 56.2 м²,84300000.0
https://krisha.kz/complex/show/nur-sultan/honnete/,"Астана, Есильский р-н, ул. Туран  - ул. 77",370000²tg,1-комн. 36.27 м²,18135000.0
https://krisha.kz/complex/show/kokshetau/atlant/,"Кокшетау, ул. Наурызбай Батыра 138",280000²tg,2-комн. 41.02 м²,11485600.0
https://krisha.kz/complex/show/almaty/fourseasons/,"Алматы, Бостандыкский р-н, ул. Журавлева, 26",790000²tg,,
https://krisha.kz/complex/show/almaty/qarasaipark/,"Алматы, Алмалинский р-н, ул. Карасай батыра, 119/95",645000²tg,1-комн. 59.2 м²,56240000.0
https://krisha.kz/complex/show/astana/snegiri/,"Астана, Сарыарка р-н, ул. Ш.Косшыгулулы 3/2",400000²tg,1-комн. 41.1 м²,17673000.0
https://krisha.kz/complex/show/astana/yrys1/,"Астана, Алматы р-н, трасса Астана-Караганда, 4/3",260000²tg,1-комн. 40.82 м²,11429600.0
https://krisha.kz/complex/show/almaty/hayatmeliora/,"Алматы, Медеуский р-н, ул. Сагадат Нурмагамбетов, 28",930000²tg,2-комн. 63.7 м²,59878000.0
https://krisha.kz/complex/show/almaty/appleresidence/,"Алматы, Ауэзовский р-н, улица Аскарова угол Саина",780000²tg,2-комн. 71.24 м²,55567200.0
https://krisha.kz/complex/show/orion-residence/,"Алматы, Бостандыкский р-н, пр. Аль-Фараби, 9 блок 5г",830000²tg,1-комн. 52.9 м²,57872600.0
https://krisha.kz/complex/show/nur-sultan/monaco/,"Астана, Алматы р-н, ул. Калдаякова - просп. Тауелсыздык",640000²tg,1-комн. 52.5 м²,35700000.0
https://krisha.kz/complex/show/almaty/alfarabi/,"Алматы, Бостандыкский р-н, ул. Аль-Фараби - ул. Сейфуллина",945000²tg,2-комн. 54.8 м²,63294000.0
https://krisha.kz/complex/show/nur-sultan/qyran/,"Астана, Есильский р-н, ул. Анет баба, дом 7, 7/1, 7/2",430000²tg,2-комн. 57.1 м²,26266000.0
https://krisha.kz/complex/show/nur-sultan/landmark/,"Астана, Есильский р-н, ул. Достык, 8/2",580000²tg,1-комн. 47.66 м²,30502399.0
https://krisha.kz/complex/show/aktau/terraceavenue/,"Актау, Побережье Каспийского моря, рядом с Rixos Water World",280000²tg,2-комн. 64.9 м²,18172000.0
https://krisha.kz/complex/show/almaty/timecity/,"Алматы, Турксибский р-н, мкр. Кайрат,​ 24-я улица, 1/1а",320000²tg,1-комн. 30 м²,10800000.0
https://krisha.kz/complex/show/almaty/metropole/,"Алматы, Бостандыкский р-н, пр. Аль-Фараби, уч. 41",845000²tg,1-комн. 54.6 м²,54327000.0
https://krisha.kz/complex/show/almaty/primavera/,"Алматы, Бостандыкский р-н, ул. Аль-Фараби - ул. Ходжанова",761000²tg,2-комн. 92.7 м²,71471700.0
https://krisha.kz/complex/show/shymkent/shahristan/,"Шымкент, мкр Нурсат, пр. Назарбаева 4 (рядом с театром им. Шанина)",488000²tg,2-комн. 77.87 м²,40492400.0
https://krisha.kz/complex/show/almaty/estet/,"Алматы, Бостандыкский р-н, ул. Розыбакиева - ул. Ескараева",855000²tg,2-комн. 57.3 м²,54435000.0
https://krisha.kz/complex/show/nur-sultan/austria/,"Астана, Алматы р-н, ул. Тыныбаева, 9",600000²tg,1-комн. 54.9 м²,33873300.0
https://krisha.kz/complex/show/nur-sultan/riviera/,"Астана, 189-я улица",240000²tg,,
https://krisha.kz/complex/show/legenda/,"Алматы, Алмалинский р-н, севернее пр. Абая, восточнее ул. Манаса",885000²tg,1-комн. 39.61 м²,43571000.0
https://krisha.kz/complex/show/almaty/sicilia/,"Алматы, Наурызбайский р-н, ул Сейдимбек, 110в",595000²tg,1-комн. 42.4 м²,30528000.0
https://krisha.kz/complex/show/atyrau/caspianpark/,"Атырау, проспект Абылхайыр хана 56А",450000²tg,1-комн. 67.18 м²,30231000.0
https://krisha.kz/complex/show/almaty/jazzkvartal/,"Алматы, Бостандыкский р-н, ул. Тлендиева - ул. Сатпаева",710000²tg,1-комн. 45.6 м²,35796000.0
https://krisha.kz/complex/show/astana/aisar/,"Астана, Есильский р-н, ​ул. Е-321, 6/2",369000²tg,1-комн. 42.19 м²,19913680.0
https://krisha.kz/complex/show/ust-kamenogorsk/novybereg/,"Усть-Каменогорск, ул. Базовая, 4/5",425000²tg,1-комн. 38.84 м²,16895400.0
https://krisha.kz/complex/show/almaty/gatecity/,"Алматы, Турксибский р-н, Алматинская обл., Илийский район, вдоль Капчагайской трассы",350000²tg,1-комн. 39.5 м²,15580950.0
https://krisha.kz/complex/show/astana/altynbesik/,"Астана, Нура р-н, ул. ​Казыбек би, 35",340000²tg,1-комн. 35.1 м²,11934000.0
https://krisha.kz/complex/show/atyrau/guriev/,"Атырау, ул. Абылхаир Хана, 46",365000²tg,1-комн. 55.5 м²,17205000.0
https://krisha.kz/complex/show/almaty/aspen/,"Алматы, Бостандыкский р-н, ул. Аль-фараби 116/1",1²tg,1-комн. 43.6 м²,43600000.0
https://krisha.kz/complex/show/nur-sultan/greenlineaqua/,"Астана, Есильский р-н, ул. Е-899, 1/1",535000²tg,2-комн. 53.15 м²,30986450.0
https://krisha.kz/complex/show/almaty/sundayterrace/,"Алматы, ул. Шынгыс Айтматов, 87/1",480000²tg,6-комн. 284 м²,136320000.0
https://krisha.kz/complex/show/nur-sultan/aqshanyraq/,"Астана, пос. Косшы, ул. Республики",200000²tg,1-комн. 27.56 м²,5512000.0
https://krisha.kz/complex/show/nur-sultan/bi-city-tokyo/,"Астана, Есильский р-н, ул. Мухамедханова - ул. 306",502000²tg,1-комн. 43.9 м²,26164400.0
https://krisha.kz/complex/show/almaty/ozenperknavoi/,"Алматы, Бостандыкский р-н, ул. Навои, 200",790000²tg,1-комн. 46.8 м²,40248000.0
https://krisha.kz/complex/show/nur-sultan/jetisuaqsu/,"Астана, Есильский р-н, ул. Улы Дала, 46",300000²tg,1-комн. 34.55 м²,14683750.0
https://krisha.kz/complex/show/ust-kamenogorsk/grandresidence/,"Усть-Каменогорск, ул. Красина, 11В",400000²tg,1-комн. 32.55 м²,13020000.0
https://krisha.kz/complex/show/aktobe/ordapalace/,"Актобе, район Астана , мкр Батыс-2 участок 11Б",300000²tg,1-комн. 46.77 м²,14031000.0
https://krisha.kz/complex/show/ust-kamenogorsk/renesans/,"Усть-Каменогорск, Утепова, 38Б",420000²tg,1-комн. 36.9 м²,14022000.0
https://krisha.kz/complex/show/almaty/sevenhills/,"Алматы, Бостандыкский р-н, ул. Гагарина, 277/7",640000²tg,2-комн. 50 м²,47250000.0
https://krisha.kz/complex/show/almaty/vendome/,"Алматы, Медеуский р-н, ул. Оспанова, 83/36",850000²tg,1-комн. 50.6 м²,43010000.0
https://krisha.kz/complex/show/astana/samalpark/,"Астана, Есильский р-н, ул. Казыбек би, 41/1",350000²tg,1-комн. 38.81 м²,13195400.0
https://krisha.kz/complex/show/astana/mod/,"Астана, Есильский р-н, ул. Хусейн Бен Талал и ул. 37",382000²tg,1-комн. 37.88 м²,18523320.0
https://krisha.kz/complex/show/aktau/englishhouse/,"Актау, 30 мкрн, дом 158",300000²tg,3-комн. 97 м²,32000000.0
https://krisha.kz/complex/show/almaty/severnyi/,"Алматы, Алатауский р-н, ул. Северное кольцо",390000²tg,1-комн. 38.5 м²,18100000.0
https://krisha.kz/complex/show/shymkent/asyltas/,"Шымкент, мкрн Нуртас",350000²tg,1-комн. 40.87 м²,14304500.0
https://krisha.kz/complex/show/konayev/mayak/,"Конаев (Капчагай), ул. Д.А.Кунаева, участок №17/3",420000²tg,1-комн. 45.53 м²,19122600.0
https://krisha.kz/complex/show/iassaui/aktobe/,"Актобе, пр. Молдагуловой, 5А",225000²tg,,
https://krisha.kz/complex/show/aktau/ilantower/,"Актау, 15 микрорайон",450000²tg,1-комн. 51.9 м²,25950000.0
https://krisha.kz/complex/show/atyrau/latifa/,"Атырау, мкр. Нурсая проспект Ел Орда строение 9А",300000²tg,,
https://krisha.kz/complex/show/konayev/zhiloydom/,"Конаев (Капчагай), Микрорайон 2, д. 15А",375000²tg,1-комн. 39.4 м²,16351000.0
https://krisha.kz/complex/show/shymkent/townhousetulpar/,"Шымкент, микрорайон Тулпар, 202-204",440000²tg,4-комн. 137.72 м²,60596800.0
https://krisha.kz/complex/show/uralsk/jenisa/,"Уральск, мкр. Женис, 40",240000²tg,1-комн. 51.5 м²,12875000.0
https://krisha.kz/complex/show/aktau/baqsarai/,"Актау, 20 микрорайон, 16-17",210000²tg,1-комн. 43.5 м²,9135000.0
https://krisha.kz/complex/show/nur-sultan/injuansar/,"Астана, Алматы р-н, проспект Р. Кошкарабаева, 54А",471000²tg,1-комн. 38.4 м²,18624500.0
https://krisha.kz/complex/show/karaganda/samal/,"Караганда, ул. Таттимбета 19/7",365000²tg,1-комн. 48.84 м²,19047600.0
https://krisha.kz/complex/show/batumi/dominion/,"Грузия, Батуми, ул. Зегедели, 14",557954²tg,4-комн. 178 м²,99315812.0
https://krisha.kz/complex/show/almaty/aqtolqyngrand/,"Алматы, Бостандыкский р-н, ул. Жарокова, 370",750000²tg,2-комн. 57.4 м²,51660000.0
https://krisha.kz/complex/show/almaty/rodnik2/,"Алматы, Бостандыкский р-н, ул. Жарокова 284/1",650000²tg,3-комн. 151.72 м²,98800000.0
https://krisha.kz/complex/show/atyrau/greenpark/,"Атырау, улица Нуртас Ондасынов, 16",400000²tg,1-комн. 45.2 м²,18080000.0
https://krisha.kz/complex/show/astana/ecopark/,"Астана, Нура р-н, ул. Сыганак, 4",395000²tg,1-комн. 39.5 м²,15800000.0
https://krisha.kz/complex/show/shymkent/tolebi/,"Шымкент, ул. Толе би",391314²tg,1-комн. 32.84 м²,14464049.0
https://krisha.kz/complex/show/almaty/dostyk/,"Алматы, Алатауский р-н, ул. Шоссе Северное кольцо, 92/10",425000²tg,1-комн. 34.2 м²,16587000.0
https://krisha.kz/complex/show/almaty/novapark/,"Туздыбастау (Калинино), ​Алатауская трасса, 33ж",420000²tg,4-комн. 143.8 м²,63000000.0
https://krisha.kz/complex/show/astana/tengri/,"Астана, Нура р-н, ​Улица Е 496, 3",370000²tg,3-комн. 67.09 м²,24823300.0
https://krisha.kz/complex/show/almaty/tan-nury/,"Алматы, Бостандыкский р-н, мкр. Мирас, 128",475000²tg,4-комн. 180 м²,115000000.0
https://krisha.kz/complex/show/aktau/taras/,"Актау, 7А мкр., уч.№18",350000²tg,2-комн. 74.3 м²,26005000.0
https://krisha.kz/complex/show/semey/IrtyshRiverside/,"Семей, ул. Жибек Жолы, 55",340000²tg,1-комн. 49.36 м²,16782400.0
https://krisha.kz/complex/show/astana/ferrumcity/,"Астана, Сарыарка р-н, ул. Е 882, участок 7",360000²tg,1-комн. 43.5 м²,18705000.0
https://krisha.kz/complex/show/ust-kamenogorsk/diamond/,"Усть-Каменогорск, ул. Увалиева 7",420000²tg,1-комн. 50.12 м²,21050400.0
https://krisha.kz/complex/show/almaty/koktobe-siti/,"Алматы, Медеуский р-н, ул. Сагадат Нурмагамбетова, 138/2",1²tg,1-комн. 45.16 м²,53532000.0
https://krisha.kz/complex/show/aktau/theboon/,"Актау, 41 микрорайон, 2",210000²tg,1-комн. 38.13 м²,8007300.0
https://krisha.kz/complex/show/uralsk/sunrise/,"Уральск, ул. Дархан 2",240000²tg,1-комн. 60 м²,14400000.0
https://krisha.kz/complex/show/aktau/aktauriviera/,"Актау, полуостров Мангыстау",573500²tg,1-комн. 30.91 м²,19040560.0
https://krisha.kz/complex/show/atyrau/khansultan/,"Атырау, р-н Парк Победы, 2-ая Береговая линия",460000²tg,2-комн. 100 м²,50000000.0
https://krisha.kz/complex/show/atyrau/englishkvartal/,"Атырау, мкр. Ак Шагала, ул. №2, стр. № 17-Б",390000²tg,1-комн. 42.4 м²,17808000.0
https://krisha.kz/complex/show/ust-kamenogorsk/rayresidence/,"Усть-Каменогорск, проспект Есенберлина 33",340000²tg,1-комн. 47.68 м²,16211200.0
https://krisha.kz/complex/show/kostanay/davincicomfort/,"Костанай, микрорайон Береке",340000²tg,1-комн. 39.52 м²,13832000.0
https://krisha.kz/complex/show/almaty/galamat/,"Боралдай (Бурундай), Алматинская область, Боралдай, мкр.Водник",350000²tg,1-комн. 18.55 м²,6492500.0
https://krisha.kz/complex/show/kaskelen/kemelui/,"Каскелен, ул. Жангозина 61Б",300000²tg,1-комн. 21.1 м²,6330000.0
https://krisha.kz/complex/show/alamty/remizovkalife/,"Алматы, Бостандыкский р-н, ул. Ушкемпирова (Арайлы) переулок 5, участок 6",640000²tg,7-комн. 232 м²,148480000.0
https://krisha.kz/complex/show/ust-kamenogorsk/parkline/,"Усть-Каменогорск, ​проспект Каныша Сатпаева, 82/9",350000²tg,1-комн. 36.91 м²,12918500.0
https://krisha.kz/complex/show/uralsk/omega/,"Уральск, ул. Есенжанова, 3/2",210000²tg,1-комн. 50.8 м²,11684000.0
https://krisha.kz/complex/show/almaty/qazyna/,"Алматы, Турксибский р-н, мкр. Кайрат, 135/4",390000²tg,,
https://krisha.kz/complex/show/shymkent/sayram/,"Шымкент, Аль-Фарабийский р-н, мкр. Сайрам, 11/1",380000²tg,1-комн. 49.83 м²,19433700.0
https://krisha.kz/complex/show/uralsk/zhiloidom/,"Уральск, ул. Кеменгер, 49/2",230000²tg,1-комн. 56.8 м²,13041000.0
https://krisha.kz/complex/show/nur-sultan/aiva/,"Астана, Есильский р-н, ул. Улы дала",340000²tg,1-комн. 29.78 м²,11316400.0
https://krisha.kz/complex/show/shymkent/tumarapartments/,"Шымкент, ​ул. Сырым батыра, 99/3",316000²tg,1-комн. 43 м²,19651000.0
https://krisha.kz/complex/show/konayev/suncity/,"Конаев (Капчагай), Конаев (Капчагай), 4-й микрорайон, уч. 62",350000²tg,1-комн. 53.99 м²,18896500.0
https://krisha.kz/complex/show/almaty/elifgarden/,"Алматы, Бостандыкский р-н, ул. Розыбакиева угол ул. Сатпаева",720000²tg,1-комн. 39 м²,29640000.0
https://krisha.kz/complex/show/almatyoblysy/janaqainar/,"Бесагаш, Талгарский район, ул. Аэропортная, участок 4/2 (ул. Бухтарминская - Кульджинский тракт)",355000²tg,1-комн. 36.6 м²,14054400.0
https://krisha.kz/complex/show/kostanay/janaqala/,"Костанай, ул. Наримановская, 64/1",440000²tg,2-комн. 86.01 м²,37844400.0
https://krisha.kz/complex/show/almaty/kaspii/,"Алматы, Алатауский р-н, ул. Момышулы, севернее ул. Монке би",340000²tg,1-комн. 28.3 м²,10188000.0
https://krisha.kz/complex/show/kostanay/keremet/,"Костанай, ул. Кайрбекова, 358/2",340000²tg,1-комн. 43.49 м²,14786600.0
https://krisha.kz/complex/show/atyrau/rayanapark/,"Атырау, Микрорайон Нурсая 3, ул.10",257234²tg,6-комн. 311 м²,80000000.0
https://krisha.kz/complex/show/almaty/skyvilla/,"Алматы, Бостандыкский р-н, ул. Таужиеги, 70",590000²tg,2-комн. 87 м²,51330000.0
https://krisha.kz/complex/show/nur-sultan/expoavenue/,"Астана, Есильский р-н, ул. Кабанбай батыра, 64",440000²tg,1-комн. 45.16 м²,20322000.0
https://krisha.kz/complex/show/almaty/dostar/,"Бесагаш, Талгарский район, п.Бесагаш, ул. Райымбек батыра 275",375000²tg,1-комн. 28.5 м²,13095000.0
https://krisha.kz/complex/show/almaty/jetisupark/,"Алматы, Жетысуский р-н, ул. Есенова, 160/3",460000²tg,1-комн. 38.2 м²,19100000.0
https://krisha.kz/complex/show/nur-sultan/sardar/,"Астана, Алматы р-н, ул. Кошкарбаева, 13",375000²tg,1-комн. 38.8 м²,18236000.0
https://krisha.kz/complex/show/atyrau/sultanbeybarys/,"Атырау, ул. Султан Бейбарыс, 167",395000²tg,2-комн. 72.5 м²,28637500.0
https://krisha.kz/complex/show/talgar/greengarden/,"Талгар, Поселок Байбулак ул Момышулы",320000²tg,2-комн. 72 м²,23040000.0
https://krisha.kz/complex/show/aktobe/berekepark/,"Актобе, район Астана, жилой массив Юго-Запад-2, ул.Шалкииз жырау, уч.1",395000²tg,3-комн. 150.1 м²,59289500.0
https://krisha.kz/complex/show/turkestan/primeresidence/,"Туркестан, квартал 160, уч. 761",275000²tg,1-комн. 51.23 м²,14088250.0
https://krisha.kz/complex/show/kokshetau/nuramir1/,"Кокшетау, ул. Ташенова, уч.129",205000²tg,1-комн. 40.96 м²,8396800.0
https://krisha.kz/complex/show/astana/delta/,"Астана, Нура р-н, ул. Молдагалиева",320000²tg,1-комн. 36.01 м²,13100000.0
https://krisha.kz/complex/show/almaty/newlife/,"Алматы, Ауэзовский р-н, проспект Райымбека, 348/1",355000²tg,,
https://krisha.kz/complex/show/taraz/janajai/,"Тараз, ул. Пушкина, 157",360000²tg,3-комн. 102.54 м²,36914400.0
https://krisha.kz/complex/show/astana/mjk-astana/,"Астана, Есильский р-н, ул. Коргалжынское шоссе - ул. Үкілі Ыбырай, 16",230000²tg,1-комн. 28.66 м²,6591000.0
https://krisha.kz/complex/show/astana/burabay2/,"Астана, Алматы р-н, улица А62, участок № 4/8",350000²tg,1-комн. 36.82 м²,11782400.0
https://krisha.kz/complex/show/karaganda/karkaraly/,"Караганда, Казыбек би р-н, ул. Муканова 51",250000²tg,1-комн. 36.06 м²,9015000.0
https://krisha.kz/complex/show/almaty/ordatown/,"Абай, Карасайский район, сельский округ Райымбекский, квартал 272, участок 70",350000²tg,1-комн. 26 м²,9100000.0
https://krisha.kz/complex/show/dubai/trillionaire/,"ОАЭ, Дубай, Business Bay - Dubai",22²tg,1-комн. 44 м²,96800000.0
https://krisha.kz/complex/show/almaty/nazhamakayeva/,"Алматы, Медеуский р-н, ул. Жамакаева, 254/4",12²tg,1-комн. 51.67 м²,62004000.0
https://krisha.kz/complex/show/astana/resbuplika/,"Астана, Нура р-н, ул. Е-36, 5",390000²tg,1-комн. 42.41 м²,16539900.0
https://krisha.kz/complex/show/nur-sultan/anisa/,"Астана, Нура р-н, ул. ​Кайым Мухамедханов, 23а",425000²tg,1-комн. 41.3 м²,19800000.0
https://krisha.kz/complex/show/karaganda/tolebi/,"Караганда, Казыбек би р-н, ул. Муканова, 55г",290000²tg,1-комн. 41.68 м²,12920800.0
https://krisha.kz/complex/show/uralsk/ortalyq/,"Уральск, ул. Вокзальная 4",285000²tg,2-комн. 81.7 м²,24131000.0
https://krisha.kz/complex/show/nur-sultan/satcity/,"Астана, Есильский р-н, ул. E-10 (район ТРЦ Хан-Шатыр)",350000²tg,1-комн. 37.3 м²,17800000.0
https://krisha.kz/complex/show/almaty/dashause/,"Алматы, Медеуский р-н, ул.Чайкиной, 5/1",14²tg,2-комн. 86.6 м²,106000000.0
https://krisha.kz/complex/show/almaty/klubniydomverona/,"Алматы, Бостандыкский р-н, ул. Арайлы, между переулком 5 и 6",640000²tg,1-комн. 54.67 м²,34988800.0
https://krisha.kz/complex/show/shymkent/prestige/,"Шымкент, Каратауский р-н, 190 квартал",365000²tg,1-комн. 48.43 м²,17676950.0
https://krisha.kz/complex/show/atyrau/aliya/,"Атырау, микрорайон Нурсая, ул. Абулхайыр Хана",300000²tg,1-комн. 43.16 м²,12948000.0
https://krisha.kz/complex/show/uralsk/oldairport/,"Уральск, ул.Б.Жумагалиева",235000²tg,1-комн. 44 м²,11660000.0
https://krisha.kz/complex/show/almaty/akkent/,"Алматы, Алатауский р-н, мкр. Аккент",410000²tg,1-комн. 29.56 м²,14780000.0
https://krisha.kz/complex/show/aktobe/nomadcity/,"Актобе, Батыс 2, уч. 22Е",280000²tg,,
https://krisha.kz/complex/show/kostanay/gafu/,"Костанай, ул.Толстого, 27",390000²tg,2-комн. 60.91 м²,23754900.0
https://krisha.kz/complex/show/aktau/sherqala/,"Актау, ​16-й микрорайон",350000²tg,2-комн. 61.6 м²,21560000.0
https://krisha.kz/complex/show/astana/kg-urker/,"Астана, Есильский р-н, микрорайон Уркер, ул. Жаменке абыз, дом 30",400000²tg,3-комн. 88 м²,34650000.0
https://krisha.kz/complex/show/shymkent/4you/,"Шымкент, вдоль улицы Рыскулова",504630²tg,1-комн. 47.94 м²,25047200.0
https://krisha.kz/complex/show/astana/nexpotrend/,"Астана, Есильский р-н, пр. Мангилик Ел - ул. Т. Рыскулова",469000²tg,2-комн. 46.8 м²,26763880.0
https://krisha.kz/complex/show/almaty/ainabulak/,"Алматы, Жетысуский р-н, мкр. Айнабулак, участок 33/2",361000²tg,1-комн. 36.6 м²,14640000.0
https://krisha.kz/complex/show/atyrau/altynzaman/,"Атырау, ул. Исатай Тайманова - ул. Жарбосынова",537000²tg,1-комн. 45.57 м²,32764830.0
https://krisha.kz/complex/show/almaty/arenapark/,"Алматы, Алатауский р-н, ул. Бауыржана Момышулы - ул. Монке би",476930²tg,1-комн. 40.42 м²,25060400.0
https://krisha.kz/complex/show/astana/shattyq/,"Астана, Нура р-н, пр. Турана - ул. Бухар Жырау",362000²tg,1-комн. 37.09 м²,17469390.0
https://krisha.kz/complex/show/astana/asylbesterek/,"Астана, Есильский р-н, ул. Фариза Онгарсынова, 8/2",468000²tg,1-комн. 43.11 м²,20434140.0
https://krisha.kz/complex/show/astana/sezimqalabaqyttowers/,"Астана, Нура р-н, ул. Роза Багланова, 12/5",350000²tg,1-комн. 39.94 м²,17733360.0
https://krisha.kz/complex/show/astana/greenlineflora/,"Астана, Нура р-н, ул. ​Е-899, 2а",522000²tg,1-комн. 40.51 м²,22361520.0
https://krisha.kz/complex/show/atyrau/talanlite/,"Атырау, просп. Абылхаир хана, 65",389000²tg,1-комн. 37.75 м²,15288750.0
https://krisha.kz/complex/show/aktau/munara/,"Актау, Микрорайон 29а, 38/8",110000²tg,1-комн. 46.5 м²,5115000.0
https://krisha.kz/complex/show/uralsk/orakbayeva/,"Уральск, ул. Оракбаева, 1",260000²tg,1-комн. 48.2 м²,12532000.0
https://krisha.kz/complex/show/shuchinsk/apartexburabay/,"Щучинск, ул.Ш.Уалиханова 7А",255000²tg,1-комн. 24.25 м²,6183750.0
https://krisha.kz/complex/show/shymkent/armanqala/,"Шымкент, мкр. Shymkent City",337000²tg,1-комн. 35.7 м²,13101900.0
https://krisha.kz/complex/show/nur-sultan/asylmura/,"Астана, Есильский р-н, ул. Толе би, 63",484000²tg,1-комн. 37.41 м²,22190060.0
https://krisha.kz/complex/show/shymkent/atamura/,"Шымкент, просп. ​Байдибек би, 115/10",374000²tg,1-комн. 36.95 м²,14595250.0
https://krisha.kz/complex/show/astana/modstandart/,"Астана, Есильский р-н, Вдоль ул. 37",326000²tg,1-комн. 34.36 м²,15221480.0
https://krisha.kz/complex/show/shymkent/dendropark/,"Шымкент, вдоль улицы К. Толеметова",423000²tg,1-комн. 42.9 м²,18876000.0
https://krisha.kz/complex/show/kokshetau/dezipark/,"Кокшетау, мкрн. Центральный, 50А",295000²tg,1-комн. 37.8 м²,11340000.0
https://krisha.kz/complex/show/nur-sultan/capitalpark/,"Астана, Есильский р-н, ул. Бухар Жырау - пр. Аль-Фараби",478000²tg,1-комн. 43.17 м²,22707420.0
https://krisha.kz/complex/show/nur-sultan/gardenview/,"Астана, Есильский р-н, ​ул, Бухар жырау, 26",687000²tg,2-комн. 51.76 м²,39917440.0
https://krisha.kz/complex/show/shymkent/grandpark/,"Шымкент, ул. К. Толеметова",346000²tg,1-комн. 44.51 м²,20430090.0
https://krisha.kz/complex/show/kapchagay/komfort/,"Конаев (Капчагай), ул. Сейфулина",335000²tg,1-комн. 40.92 м²,13708200.0
https://krisha.kz/complex/show/nur-sultan/turanlife/,"Астана, Нура р-н, ул. Абикен Бектурова, 11/1",351000²tg,1-комн. 38.73 м²,18358020.0
https://krisha.kz/complex/show/almaty/lifetown/,"Алматы, ул. Торекулова",510000²tg,1-комн. 44.51 м²,33382500.0
https://krisha.kz/complex/show/nur-sultan/nexpounion/,"Астана, Есильский р-н, Проспект Мангилик Ел, 61",606000²tg,1-комн. 40.88 м²,28329840.0
https://krisha.kz/complex/show/almaty/alapark/,"Алматы, Бостандыкский р-н, ул. Егизбаева, 7г",645000²tg,1-комн. 45.38 м²,40388200.0
https://krisha.kz/complex/show/nur-sultan/arunacity/,"Астана, Нура р-н, ул. Культегин, 23",390000²tg,1-комн. 45.2 м²,19888000.0
https://krisha.kz/complex/show/shymkent/atlant/,"Шымкент, Шымкент сити",293000²tg,,
https://krisha.kz/complex/show/almaty/curih/,"Алматы, Наурызбайский р-н, мкр.Карагайлы, ул.Сейтбекова",450000²tg,1-комн. 44.6 м²,20070000.0
https://krisha.kz/complex/show/nur-sultan/grandturan/,"Астана, Есильский р-н, ул.Туран - ул. Сыганак",449000²tg,1-комн. 37.11 м²,21894900.0
https://krisha.kz/complex/show/almaty/silverhills/,"Алматы, Бостандыкский р-н, Ушкемпирова, 42",600000²tg,2-комн. 97 м²,68870000.0
https://krisha.kz/complex/show/nur-sultan/pokolenie/,"Астана, Есильский р-н, ул. Кабанбай батыра, 38, ул. Сыганак, 8",470000²tg,1-комн. 38.94 м²,22857780.0
https://krisha.kz/complex/show/astana/capitalparklight/,"Астана, Есильский р-н, ул. Керей-Жанибек хандар - пр. Аль-Фараби",511000²tg,1-комн. 48.65 м²,27730500.0
https://krisha.kz/complex/show/nur-sultan/serdcestolicy/,"Астана, Есильский р-н, пр. Туран - ул. №24",404000²tg,1-комн. 40.09 м²,20045000.0
https://krisha.kz/complex/show/almaty/presidentspark/,"Алматы, Бостандыкский р-н, микрорайон Мирас, уч. № 115",16²tg,1-комн. 83.71 м²,146492500.0
https://krisha.kz/complex/show/nur-sultan/rivercity/,"Астана, Есильский р-н, пересечение ул. Е538 и Е810",400000²tg,1-комн. 42.33 м²,19048500.0
https://krisha.kz/complex/show/kostanay/semia/,"Костанай, ул. Каирбекова, 451",300000²tg,1-комн. 37.2 м²,14136000.0
https://krisha.kz/complex/show/almaty/nestgrand/,"Алматы, Ауэзовский р-н, мкр. Астана, 1/18",560000²tg,1-комн. 50.8 м²,33500000.0
https://krisha.kz/complex/show/northcyprus/auralux/,"Кипр, Северный кипр, Ени-Богазичи",1²tg,,
https://krisha.kz/complex/show/dubai/thequayside/,"ОАЭ, Дубай, Business Bay",34²tg,,
https://krisha.kz/complex/show/shymkent/primepark2/,"Шымкент, Каратауский р-н, проспект Байдибек би, участок 2/1",450000²tg,,
https://krisha.kz/complex/show/dubai/pearlhouse2/,"ОАЭ, Дубай, Jumeirah Village Circle",tg,,
https://krisha.kz/complex/show/dubai/Elitz3/,"ОАЭ, Дубай, Jumeirah Village Circle",24²tg,,
https://krisha.kz/complex/show/aktobe/tumar7/,"Актобе, район Батыс 2, уч. 2",230000²tg,,
https://krisha.kz/complex/show/alpcantowerskeywest/,"Кипр, Northern cyprus",17²tg,,
https://krisha.kz/complex/show/almaty/altynbeket/,"Алматы, Алматинская обл., Талгарский район, г.Талгар, мкр. Жана, ул. Павлова / ул. Бокина",285000²tg,,
https://krisha.kz/complex/show/batumi/radisson/,"Грузия, Батуми, Гонио",11²tg,,
https://krisha.kz/complex/show/aktobe/bavariasilver/,"Актобе, Батыс 2, уч. 1К",240000²tg,,
https://krisha.kz/complex/show/tblisi/shekvetiliforestbeach/,"Грузия, Аджария, Шекветили, Черноморское побережье первая линия",13²tg,,
https://krisha.kz/complex/show/mersin/palmbrandom/,"Турция, Мерсин, Мерсин, район Эрдемли",449192²tg,,
https://krisha.kz/complex/show/astana/lavie/,"Астана, Алматы р-н, ул.Р.Кошкарбаева между ул.Б.Момышулы и ул.Дауылпаз (Акыртас)",640000²tg,,
https://krisha.kz/complex/show/turkiye/lemonresidence/,"Турция, Мерсин, Эрдемли",455642²tg,,
https://krisha.kz/complex/show/cyprus/iskele/,"Кипр, Северный Кипр, Искеле",1²tg,,
https://krisha.kz/complex/show/almaty/tauresidence/,"Алматы, мкр. Таужолы, уч. 3711",400000²tg,,
https://krisha.kz/complex/show/aktau/grandavenue2/,"Актау, 28 микрорайон, 75 участок",280000²tg,,
https://krisha.kz/complex/show/nur-sultan/bostoncomforthouse2/,"Астана, Есильский р-н, Кургальжинское шоссе, 104",317607²tg,,
https://krisha.kz/complex/show/almaty/nova23/,"Алматы, Алатауская трасса 33ж",377487²tg,,
https://krisha.kz/complex/show/turkiye/4season/,"Турция, Фетхие, Фетхие",745141²tg,,
https://krisha.kz/complex/show/almaty/abaicity/,"Алматы, Наурызбайский р-н, ул. Алтын Орда, 7/1а",350000²tg,,
https://krisha.kz/complex/show/shuchinsk/abylaikhan/,"Щучинск, ул.Сейфуллина, 28",275000²tg,,
https://krisha.kz/complex/show/almaty/adele/,"Алматы, ул. Емцова, ниже ул. Толе би",353000²tg,,
https://krisha.kz/complex/show/tuzdybastau/almaz/,"Туздыбастау (Калинино), ПК Жемис, 1а/1",400000²tg,,
https://krisha.kz/complex/show/shuchinsk/altyn/,"Щучинск, ул. Ауэзова, 20",250000²tg,,
https://krisha.kz/complex/show/astana/amal/,"Астана, ул. Бухар Жырау",400000²tg,,
https://krisha.kz/complex/show/nur-sultan/amanat/,"Астана, Алматы р-н, ул. Ахмет Байтурсынулы, 46",400000²tg,,
https://krisha.kz/complex/show/aktobe/amsterdam/,"Актобе, Микрорайон Батыс 2, 11в/1",280000²tg,,
https://krisha.kz/complex/show/aktau/goldensandapartments/,"Актау, база отдыха «Теплый пляж», уч. 71/16",295000²tg,,
https://krisha.kz/complex/show/kokshetau/aqtileq/,"Кокшетау, ул. Ауельбекова, 45",360000²tg,,
https://krisha.kz/complex/show/astana/araitowers/,"Астана, Есильский р-н, ​Проспект Мәңгілік Ел, 62",tg,,
https://krisha.kz/complex/show/almaty/arenasunset/,"Алматы, Алатауский р-н, Бауыржана Момышулы, 11/1",450000²tg,,
https://krisha.kz/complex/show/kaskelen/kdarman/,"Каскелен, ул. Акан-Серы, участок 51",270000²tg,,
https://krisha.kz/complex/show/asarhouseplus/,"Шымкент, Микрорайон Асар 2",305000²tg,,
https://krisha.kz/complex/show/nur-sultan/yasin/,"Астана, Алматы р-н, ул. Кошкарбаева - ул. О. Жанибекова",300000²tg,,
https://krisha.kz/complex/show/aktau/asiya/,"Актау, мкр. 29а, участок 69/1",140000²tg,,
https://krisha.kz/complex/show/atyrau/domnaauezova/,"Атырау, мкр Жилгородок, Мкр. Жилгородок, Ауэзова 54А",370000²tg,,
https://krisha.kz/complex/show/shymkent/auletresidence/,"Шымкент, Енбекшинский р-н, 193 квартал, участок 1690/2",390000²tg,,
https://krisha.kz/complex/show/atyrau/parkavenue/,"Атырау, ул. Курмангазы, строение 116",495000²tg,,
https://krisha.kz/complex/show/nur-sultan/ayanaplaza/,"Астана, Алматы р-н, ул. Нажимеденова - ул. Жургенова",330000²tg,,
https://krisha.kz/complex/show/kosshy/balgyn/,"Косшы, ул. Жамбыла Жабаева",273000²tg,,
https://krisha.kz/complex/show/shuchinsk/barmashino/,"Щучинск, мкр. БСХТ, здание 24",390000²tg,,
https://krisha.kz/complex/show/aktobe/batystowers/,"Актобе, мкрн Батыс-2, участок 2",260000²tg,,
https://krisha.kz/complex/show/aktobe/lbavariadeluxe/,"Актобе, район Батыс 2, уч. 1К",280000²tg,,
https://krisha.kz/complex/show/shymkent/beibarysresidence/,"Шымкент, ул. Аргынбекова - Байтерекова",410000²tg,,
https://krisha.kz/complex/show/atyrau/birmingham/,"Атырау, ул. 12, строение 14А",290000²tg,,
https://krisha.kz/complex/show/almaty/butafenomen/,"Алматы, Алатауский р-н, микрорайон Алгабас-1, участок 9",410000²tg,,
https://krisha.kz/complex/show/aktobe/statuscenter/,"Актобе, ул. Молдагулова",550000²tg,,
https://krisha.kz/complex/show/karaganda/centralpark/,"Караганда, Казыбек би р-н, ул. Муканова 9/3",305000²tg,,
https://krisha.kz/complex/show/almaty/centrium/,"Алматы, Бостандыкский р-н, проспект Абая",765000²tg,,
https://krisha.kz/complex/show/kokshetau/chicago/,"Кокшетау, ул. Е. Ауельбекова, 120 А",380000²tg,,
https://krisha.kz/complex/show/nur-sultan/jmcitydompark/,"Астана, Есильский р-н, проспект Туран, 78/1",430000²tg,,
https://krisha.kz/complex/show/almaty/kokjiekcity/,"Алматы, Жетысуский р-н, мкр.Кокжиек",325000²tg,,
https://krisha.kz/complex/show/ust-kamenogorsk/crystal/,"Усть-Каменогорск, ул. Жастар 13",375000²tg,,
https://krisha.kz/complex/show/almaty/guldala/,"Алматы, Алатауский р-н, проспект Райымбека 351/1",388000²tg,,
https://krisha.kz/complex/show/astana/daulettiqalashyq/,"Астана, Алматы р-н, пересечение улиц А. Байтурсынова, А426 и А427",340000²tg,,
https://krisha.kz/complex/show/almaty/dostardeluxe/,"Алматы, Алатауский р-н, мкр. Мадениет 185/8",310000²tg,,
https://krisha.kz/complex/show/kokshetau/tumardeluxe/,"Кокшетау, ул. Канай би 32А",435000²tg,,
https://krisha.kz/complex/show/nur-sultan/nuraelite/,"Астана, Есильский р-н, ул. 38, уч. 67",450000²tg,,
https://krisha.kz/complex/show/astana/eva/,"Астана, Нура р-н, Пересечение улиц Нарикбаева и Баян-Сулу",485000²tg,,
https://krisha.kz/complex/show/uralsk/eurasia1/,"Уральск, ул. Еуразия, 115",280000²tg,,
https://krisha.kz/complex/show/almaty/exclusiveopera/,"Алматы, Медеуский р-н, пр-т Назарбаева, 124а",23²tg,,
https://krisha.kz/complex/show/astana/tumarexclusive/,"Астана, Алматы р-н, ул. Аскара Токпанова",650000²tg,,
https://krisha.kz/complex/show/aktau/familyhome/,"Актау, мкрн. 32В",135000²tg,,
https://krisha.kz/complex/show/almaty/ramsgarden/,"Алматы, Медеуский р-н, ул. Толе Би угол ул. Сагадат Нурмагамбетов",11²tg,,
https://krisha.kz/complex/show/almaty/southgarden/,"Алматы, Алатауский р-н, мкр.Айгерим-1 Улица Чойбалсана, 9/1",550000²tg,,
https://krisha.kz/complex/show/almaty/grandevie/,"Алматы, Бостандыкский р-н, ул. Арайлы, 20/1",850000²tg,,
https://krisha.kz/complex/show/astana/greentown/,"Астана, Нура р-н, ул. Култегин, 4",320000²tg,,
https://krisha.kz/complex/show/almaty/homesau/,"Каскелен, ул. Абылай хана, 200",250000²tg,,
https://krisha.kz/complex/show/nur-sultan/royalhouse/,"Астана, Есильский р-н, шоссе Коргалжын, ул. Е-128, участок 40 Б",300000²tg,,
https://krisha.kz/complex/show/astana/velahouse/,"Астана, Есильский р-н, ул. Н. Тесла, участок №3",590000²tg,,
https://krisha.kz/complex/show/atyrau/airis/,"Атырау, мкр. Нурсая, ул. 2-й проезд, строение №11",230000²tg,,
https://krisha.kz/complex/show/astana/jaisan/,"Астана, Есильский р-н, мкр. Уркер, ул. Кургалжынское шоссе, уч. 86",260000²tg,,
https://krisha.kz/complex/show/nur-sultan/sattyjol/,"Астана, Есильский р-н, пересечение шоссе Коргалжын и ул.128",335000²tg,,
https://krisha.kz/complex/show/almaty/kamila/,"Алматы, Ауэзовский р-н, Улица Бауыржана Момышулы, 1",349000²tg,,
https://krisha.kz/complex/show/uralsk/kemenger/,"Уральск, ул. Кеменгер, стр.41Б",240000²tg,,
https://krisha.kz/complex/show/almaty/kristall/,"Алматы, Бостандыкский р-н, ул. Тургут Озала, 237",554000²tg,,
https://krisha.kz/complex/show/almaty/lantana/,"Алматы, Наурызбайский р-н, ул. СТ Алмалы, 89",350000²tg,,
https://krisha.kz/complex/show/nur-sultan/luxembourg/,"Астана, пересечение ул. Ушкопир, ул. Бокейхана и ул. 23-я",420000²tg,,
https://krisha.kz/complex/show/pavlodar/malaisary/,"Павлодар, улица Генерала Дюсенова 304",250000²tg,,
https://krisha.kz/complex/show/aktau/manhattan/,"Актау, 41 мкр.",285000²tg,,
https://krisha.kz/complex/show/nur-sultan/megapolis/,"Астана, Алматы р-н, квадрат пересечении улиц Азербаева, Нажимеденова, Жумабаева",432600²tg,,
https://krisha.kz/complex/show/almaty/melody/,"Алматы, Наурызбайский р-н, мкр Достык, пересечение улиц Илтипат, 49",430000²tg,,
https://krisha.kz/complex/show/aktau/nurbergen/,"Актау, мкр.16, участок 17",280000²tg,,
https://krisha.kz/complex/show/astana/zhanaomir/,"Астана, Есильский р-н, пр. Аль Фараби (бывшая ул. 38) на пересечении с ул. Бухар Жырау.",427000²tg,,
https://krisha.kz/complex/show/atyrau/oner/,"Атырау, проспект Абулхайр-хана, 40",400000²tg,,
https://krisha.kz/complex/show/nur-sultan/palladium/,"Астана, Алматы р-н, А.Байтурсынова, А-62",280000²tg,,
https://krisha.kz/complex/show/almaty/parasat/,"Алматы, Турксибский р-н, ул. Сарыарка, 1/1",459000²tg,,
https://krisha.kz/complex/show/ust-kamenogorsk/vivapark/,"Усть-Каменогорск, пр. Каныша Сатпаева в районе здания 84, позиция 29",350000²tg,,
https://krisha.kz/complex/show/almaty/pittsburg/,"Алматы, Алатауский р-н, микрарайон Дархан, Сабатаева, 24",340000²tg,,
https://krisha.kz/complex/show/shymkent/qaratau/,"Шымкент, мкр Асар 2",270000²tg,,
https://krisha.kz/complex/show/shymkent/ramadan/,"Шымкент, мкр. Бозарык, 3195/1",280000²tg,,
https://krisha.kz/complex/show/almaty/ramssignature/,"Алматы, Бостандыкский р-н, ул. Тимирязева угол ул. Байтурсынова",11²tg,,
https://krisha.kz/complex/show/taraz/tulipresidence/,"Тараз, ул. Жамбыла, 20/1",320000²tg,,
https://krisha.kz/complex/show/almaty/zhuldyzresidence/,"Алматы, Бостандыкский р-н, мкр.Нурлытау, 12 улица",650000²tg,,
https://krisha.kz/complex/show/batumi/wyndhamresidences/,"Грузия, Батуми, Гонио",11²tg,,
https://krisha.kz/complex/show/petropavlsk/ribat/,"Петропавловск, ул. Таншолпан, 2/3",260000²tg,,
https://krisha.kz/complex/show/almaty/royaltime/,"Алматы, Наурызбайский р-н, Кенесары Хана, 145",700000²tg,,
https://krisha.kz/complex/show/astana/safia/,"Астана, Есильский р-н, ул. Казыбек Би, 21",332500²tg,,
https://krisha.kz/complex/show/astana/safuan/,"Астана, Есильский р-н, пересечение улиц Улы Дала и Е669",320000²tg,,
https://krisha.kz/complex/show/almaty/seneca/,"Алматы, Медеуский р-н, ул.Керей Жанибек Хандар 29/5",970000²tg,,
https://krisha.kz/complex/show/nur-sultan/silver/,"Астана, ул. Е126 - ул. Е435, 5",295000²tg,,
https://krisha.kz/complex/show/nur-sultan/siroccoclub/,"Астана, Есильский р-н, ул. Айтматова, вблизи набережной",250000²tg,,
https://krisha.kz/complex/show/almatyoblysy/sundayterrace/,"Алматы, Микрорайон ПК Акжол, ​Алатауская трасса, 1Б",320000²tg,,
https://krisha.kz/complex/show/uralsk/tauelsizdik/,"Уральск, ул. Бисена Жумагалиева, 29",230000²tg,,
https://krisha.kz/complex/show/almaty/tenir/,"Алматы, Алатауский р-н, Микрорайон Теректи",330000²tg,,
https://krisha.kz/complex/show/kokshetau/tomiris/,"Кокшетау, улица Сарыарка 2д",265000²tg,,
https://krisha.kz/complex/show/shymkent/tumartower/,"Шымкент, Каратауский р-н, ул. Байтерекова",460000²tg,,
https://krisha.kz/complex/show/aktau/townville/,"Актау, 21-й микрорайон",179000²tg,,
https://krisha.kz/complex/show/aktau/tuba/,"Актау, 40 мкр.",250000²tg,,
https://krisha.kz/complex/show/aktau/turan/,"Актау, 19 микрорайон, №14 участок",370000²tg,,
https://krisha.kz/complex/show/almaty/turar/,"Алматы, Турксибский р-н, ул. Туркестан, 115",375000²tg,,
https://krisha.kz/complex/show/petropavlovsk/valihanov/,"Петропавловск, пересечение улиц Новаторная и Ш.Валиханова",300000²tg,,
https://krisha.kz/complex/show/astana/zaman/,"Астана, Есильский р-н, 23-ая улица,7 стр",426000²tg,,
https://krisha.kz/complex/show/ust-kamenogorsk/v-club/,"Усть-Каменогорск, проспект К.Сатпаева, 89Б",tg,,
https://krisha.kz/complex/show/almaty/navoi3/,"Алматы, Ауэзовский р-н, Ул. Навои 9/1",650511²tg,,
https://krisha.kz/complex/show/nur-sultan/asylympark1/,"Астана, Есильский р-н, Әлихан Бөкейхан, 18/1 стр",463000²tg,,
https://krisha.kz/complex/show/abay-130/,"Алматы, Бостандыкский р-н, проспект Абая, 130",650000²tg,,
https://krisha.kz/complex/show/aktau/soho14/,"Актау, 14 микрарайон",750000²tg,,
https://krisha.kz/complex/show/aktau/tomiris2/,"Актау, 20А микрорайон, 21/1",265000²tg,,
https://krisha.kz/complex/show/astana/onyx2/,"Астана, ул. Айтматова 59",320000²tg,,
https://krisha.kz/complex/show/kokshetau/arujan2/,"Кокшетау, ул. Потанина, 118",270000²tg,,
https://krisha.kz/complex/show/nur-sultan/asylympark2/,"Астана, Есильский р-н, ул. Бокейхана",558000²tg,,
https://krisha.kz/complex/show/almaty/nomad2/,"Алматы, Алмалинский р-н, ул. Толе би - ул. Гагарина",716477²tg,,
https://krisha.kz/complex/show/aktobe/sunqar2/,"Актобе, мкр. Батыс-2, 5Е",230000²tg,,
https://krisha.kz/complex/show/nur-sultan/asker2/,"Астана, ул. Баршын - просп. Тлендиева",230000²tg,,
https://krisha.kz/complex/show/atyrau/francuzkiykvartal2/,"Атырау, 1 береговая линия, район Парка Победы",450000²tg,,
https://krisha.kz/complex/show/taraz/komfort2/,"Тараз, ул. Сатпаева, 11а",300000²tg,,
https://krisha.kz/complex/show/uralsk/moldasheva20/,"Уральск, улица Молдашева, 20 А",250000²tg,,
https://krisha.kz/complex/show/kokshetau/aruzhan3/,"Кокшетау, ул. Ш. Косшигулова 121",270000²tg,,
https://krisha.kz/complex/show/karaganda/baspana/,"Караганда, ул. Таттимбета, 33/3",335000²tg,,
https://krisha.kz/complex/show/semey/poziciya35/,"Усть-Каменогорск, пр. Аль-Фараби, 4/2",340000²tg,,
https://krisha.kz/complex/show/semey/35kvartal/,"Семей, 35-ый квартал, дом 16",320000²tg,,
https://krisha.kz/complex/show/shymkent/klubniydom39/,"Шымкент, ул. Ж. Шаяхметова",430000²tg,,
https://krisha.kz/complex/show/kostanay/7mkr/,"Костанай, 7 мкрн.",350000²tg,,
https://krisha.kz/complex/show/atyrau/k7family/,"Атырау, мкрн Нурсая, ул. №11",345000²tg,,
https://krisha.kz/complex/show/astana/a-city/,"Астана, Алматы р-н, ул. Жургенова / ул. Байтурсынова",324000²tg,,
https://krisha.kz/complex/show/semey/naabaya/,"Семей, Абая, 74",440000²tg,,
https://krisha.kz/complex/show/shymkent/abat/,"Шымкент, Каратауский р-н, улица Акбота, 1/10",355000²tg,,
https://krisha.kz/complex/show/karaganda/adilet/,"Караганда, улица Шахтеров 7А",320000²tg,,
https://krisha.kz/complex/show/almaty/admiral/,"Алматы, Бостандыкский р-н, ул. Нахимова, 51",790000²tg,,
https://krisha.kz/complex/show/kokshetau/akbidai/,"Кокшетау, ул. Акбидай 11Б",265000²tg,,
https://krisha.kz/complex/show/karaganda/akademik/,"Караганда, Казыбек би р-н, ул. Университетская 19/2",290000²tg,,
https://krisha.kz/complex/show/pavlodar/akbet/,"Павлодар, ул. Академика Сатпаева, 306",335000²tg,,
https://krisha.kz/complex/show/nur-sultan/akbulakriviera/,"Астана, Алматы р-н, жилой массив ​Ак-булак-1",13²tg,,
https://krisha.kz/complex/show/nur-sultan/akbulakcomfort/,"Астана, Алматы р-н, ул. Тауелсиздик, 31/3",450000²tg,,
https://krisha.kz/complex/show/aktau/rixosgolsvillas/,"Актау, ул. Теплый пляж, 34",1²tg,,
https://krisha.kz/complex/show/aktobe/aktobetowers/,"Актобе, Батыс 2, ул.Тауелсиздик",240000²tg,,
https://krisha.kz/complex/show/aktobe/grandaktobe/,"Актобе, Батыс-2, 48Е",230000²tg,,
https://krisha.kz/complex/show/almaty/akzhar/,"Алматы, Наурызбайский р-н, ул. Даулеткерея 61",620000²tg,,
https://krisha.kz/complex/show/semey/aqqu/,"Семей, Карагайлы, позиция 55, 57",285000²tg,,
https://krisha.kz/complex/show/ust-kamenogorsk/alfarabi/,"Усть-Каменогорск, район КШТ, ул. Увалиева 9",390000²tg,,
https://krisha.kz/complex/show/karaganda/alfarabi/,"Караганда, Казыбек би р-н, ул. Муканова, 55/2",300000²tg,,
https://krisha.kz/complex/show/semey/alash/,"Семей, ул.Посмакова 94",tg,,
https://krisha.kz/complex/show/almaty/alasharesidence/,"Алматы, Ауэзовский р-н, Шаймерденова, 32",735000²tg,,
https://krisha.kz/complex/show/almatyoblysy/altauvillas/,"Туздыбастау (Калинино), Алматинская область, с. Туздыбастау, ул. Сыргабекова, уч. 2000 (в 5 минутах от Аэропортовского кольца)",415000²tg,,
https://krisha.kz/complex/show/nur-sultan/alataupark/,"Астана, Есильский р-н, район ул Ч Айтматова и ул. Бейсековой",320000²tg,,
https://krisha.kz/complex/show/almaty/ecopark2/,"Алматы, Карасайский район, ​Бирлик, 1г",410000²tg,,
https://krisha.kz/complex/show/almaty/alemcity/,"Алматы, Наурызбайский р-н, мкр. Шугыла, 340/3",334000²tg,,
https://krisha.kz/complex/show/shymkent/alim/,"Шымкент, Енбекшинский р-н, ул. Казанкап Акын 2/4",360000²tg,,
https://krisha.kz/complex/show/almaty/almatauresidence/,"Алматы, Медеуский р-н, ул. Ондасынова, 20А",900000²tg,,
https://krisha.kz/complex/show/kostanay/alpamyspremium/,"Костанай, улица Набережная 49",410000²tg,,
https://krisha.kz/complex/show/shymkent/altair/,"Шымкент, ул. Аргынбекова - ул. Шаяхметова",501243²tg,,
https://krisha.kz/complex/show/karaganda/altynarka/,"Караганда, Казыбек би р-н, ул. 137 учёный квартал, 21 Б",310000²tg,,
https://krisha.kz/complex/show/aktau/altynuya/,"Актау, 16 микрорайон, 35/1",280000²tg,,
https://krisha.kz/complex/show/aktau/aman/,"Актау, 16 мкр, 86-86/1",275000²tg,,
https://krisha.kz/complex/show/astana/amirel/,"Астана, Алматы р-н, пересечение улиц А102, А103 и А431",280000²tg,,
https://krisha.kz/complex/show/almaty/hayatapartments/,"Бесагаш, ул. Райымбек батыра, 163",377000²tg,,
https://krisha.kz/complex/show/karaganda/dostarapartmanets/,"Караганда, улица Строителей 28/3",330000²tg,,
https://krisha.kz/complex/show/aktau/aqqala/,"Актау, 29a мкр.",165000²tg,,
https://krisha.kz/complex/show/nur-sutan/akjol/,"Астана, Есильский р-н, ​проспект Кабанбай батыра, 107",276816²tg,,
https://krisha.kz/complex/show/aktau/aqketik/,"Актау, 20 микрорайон, участок №19",180000²tg,,
https://krisha.kz/complex/show/almaty/arasresidence/,"Алматы, Наурызбайский р-н, ул. Жана, стр. 21д",550000²tg,,
https://krisha.kz/complex/show/almaty/janaarbat/,"Алматы, Турксибский р-н, ул. Молдагалиева 26",480000²tg,,
https://krisha.kz/complex/show/nur-sultan/janaarka/,"Астана, ул. Кордай, 89",330000²tg,,
https://krisha.kz/complex/show/semey/aruzhan/,"Семей, ​Улица Достоевского, 174а",290000²tg,,
https://krisha.kz/complex/show/nur-sultan/asker/,"Астана, Алматы р-н, ул. Нажимеденова, 36",280000²tg,,
https://krisha.kz/complex/show/karaganda/aspan/,"Караганда, Казыбек би р-н, ул. Университетская, 17/3",275000²tg,,
https://krisha.kz/complex/show/ust-kamenogorsk/astoria/,"Усть-Каменогорск, 19 микрорайон, ул. Кокжал Барака",295000²tg,,
https://krisha.kz/complex/show/atyrau/asylpark/,"Атырау, ул. Курмангазы, 8/2",350000²tg,,
https://krisha.kz/complex/show/atyrau/asyltas/,"Атырау, просп. Абулхаир Хана, Нурсая 3",310000²tg,,
https://krisha.kz/complex/show/karaganda/atameken/,"Караганда, ул. Дюсембекова 83/2",275000²tg,,
https://krisha.kz/complex/show/konayev/atameken/,"Конаев (Капчагай), мкр.19, улица Соболева  9А",350000²tg,,
https://krisha.kz/complex/show/semey/atameken/,"Семей, Баисейтова 108",tg,,
https://krisha.kz/complex/show/karaganda/atamura/,"Караганда, ул. Букетова 3",230000²tg,,
https://krisha.kz/complex/show/almaty/atmosfera/,"Алматы, Турксибский р-н, ул. ​Кульджинский тракт, 26/3​",416233²tg,,
https://krisha.kz/complex/show/nur-sultan/auen/,"Астана, Сарыарка р-н, пересечение ул. Жангельдина и пр. Сарыарка (Правый берег)",400000²tg,,
https://krisha.kz/complex/show/almaty/aulet/,"Алматы, Наурызбайский р-н, ул. Сейдимбек, 110/2",746790²tg,,
https://krisha.kz/complex/show/almaty/aurus/,"Алматы, Алмалинский р-н, ​Улица Кабанбай батыра, 252",680000²tg,,
https://krisha.kz/complex/show/central-avenue/,"Алматы, Бостандыкский р-н, проспект ​Сейфуллина, 574/1 к3",741514²tg,,
https://krisha.kz/complex/show/astana/aviator/,"Астана, Есильский р-н, ул. Сарытогай, 13",295000²tg,,
https://krisha.kz/complex/show/nur-sultan/avrora/,"Кокшетау, Габдуллина 9",300000²tg,,
https://krisha.kz/complex/show/astana/azure/,"Астана, Алматы р-н, ул. Тауелсиздик, уч.60",429000²tg,,
https://krisha.kz/complex/show/nur-sultan/badana/,"Астана, Алматы р-н, ​ул. Игишева, 18",300000²tg,,
https://krisha.kz/complex/show/astana/bagystan/,"Астана, Есильский р-н, ул. Аныракай – ул. Е111",320000²tg,,
https://krisha.kz/complex/show/aktobe/baiterekk/,"Актобе, Батыс 2, участок 356А",230000²tg,,
https://krisha.kz/complex/show/karaganda/bakyttyotbasy/,"Караганда, ул. Гапеева 4Е",230000²tg,,
https://krisha.kz/complex/show/nur-sultan/sezimqala/,"Астана, Есильский р-н, Ул. Роза Багланова, 2",378000²tg,,
https://krisha.kz/complex/show/aktau/caspiandeluxe/,"Актау, Микрорайон 5А, участок 8/1",450000²tg,,
https://krisha.kz/complex/show/petropavlovsk/bereke/,"Петропавловск, ул. Гагарина, 2 А",310000²tg,,
https://krisha.kz/complex/show/aktau/berekeli/,"Актау, Микрорайон 29А",130000²tg,,
https://krisha.kz/complex/show/almaty/besagash/,"Бесагаш, ул. Райымбек батыра, 169",400000²tg,,
https://krisha.kz/complex/show/nur-sultan/besterek/,"Астана, Есильский р-н, ул. Касым Кайсенова - ул. Фариза Онгарсынова",401709²tg,,
https://krisha.kz/complex/show/almaty/tolebiresidence/,"Алматы, Алмалинский р-н, ул. Аносова, 103Б",550000²tg,,
https://krisha.kz/complex/show/uralsk/baiterek/,"Уральск, ул. Молдагалиева 39",280000²tg,,
https://krisha.kz/complex/show/batumi/realpalaceblue/,"Грузия, Батуми, Ул.Ангиса 95",418000²tg,,
https://krisha.kz/complex/show/almaty/bolashak/,"Алматы, Алатауский р-н, ул. Жапсарбаева, 68",420704²tg,,
https://krisha.kz/complex/show/aktau/bozhyra/,"Актау, ​16-й микрорайон, 8",250000²tg,,
https://krisha.kz/complex/show/aktau/morskoybriz/,"Актау, мкр Приморский, Приморский район,улица Теннистая, 56",135000²tg,,
https://krisha.kz/complex/show/semey/brooklyn/,"Семей, ул. Ибраева, 116",460000²tg,,
https://krisha.kz/complex/show/uralsk/brooklyn/,"Уральск, ул Тауелсиздик 37",450000²tg,,
https://krisha.kz/complex/show/almaty/butalegacy/,"Алматы, Турксибский р-н, мкр. Кайрат, улица Тараз 1/1",385000²tg,,
https://krisha.kz/complex/show/shymkent/capitalcity/,"Шымкент, Абайский р-н, ул. Байдибек би, стр. 127/7",480000²tg,,
https://krisha.kz/complex/show/aktau/caspiresort/,"Актау, 27 км.от города Актау",350000²tg,,
https://krisha.kz/complex/show/atyrau/centercity/,"Атырау, район санатория «Атырау»",430000²tg,,
https://krisha.kz/complex/show/uralsk/cherekayeva/,"Уральск, ул. Черекаева, 2/6",250000²tg,,
https://krisha.kz/complex/show/almaty/kdcitadel/,"Алматы, ул. Белбулак, 2",375000²tg,,
https://krisha.kz/complex/show/semey/citecostar/,"Семей, ул. Физкультурная 4а",320000²tg,,
https://krisha.kz/complex/show/aktau/sportcity/,"Актау, 39-й микрорайон",190000²tg,,
https://krisha.kz/complex/show/nur-sultan/cosmiccity/,"Астана, Есильский р-н, просп. Туран, 89",340000²tg,,
https://krisha.kz/complex/show/konaev/gardencity/,"Конаев (Капчагай), улица С.Сейфуллина,16Г",300000²tg,,
https://krisha.kz/complex/show/almaty/ordacity/,"Алматы, Алатауский р-н, мкр Теректы, ул Айналмалы, 183",350000²tg,,
https://krisha.kz/complex/show/shymkent/moderncity/,"Шымкент, Каратауский р-н, 189 квартал, уч.25/1",330000²tg,,
https://krisha.kz/complex/show/nur-sultan/europecity/,"Астана, Есильский р-н, ул. Акмешит, 1",770000²tg,,
https://krisha.kz/complex/show/almaty/qargalycity/,"Алматы, Алатауский р-н, мкрн Аккент, ул. Шарипа Омарова угол ул. Фаризы Онгарсыновой",370000²tg,,
https://krisha.kz/complex/show/nur-sultan/nexpoclassic/,"Астана, ул. Турар Рыскулов, 1",533000²tg,,
https://krisha.kz/complex/show/nur-sultan/rclubdeluxe/,"Астана, пересечение Кабанбай батыра и Хусейн бен Талала",650000²tg,,
https://krisha.kz/complex/show/karaganda/sunriseclubhouse/,"Караганда, Казыбек би р-н, ​Улица Муканова, 61/2",305000²tg,,
https://krisha.kz/complex/show/almaty/countryclubtalgar/,"Алматы, Медеуский р-н, Талгарская трасса, посёлок Бельбулак",650000²tg,,
https://krisha.kz/complex/show/nur-sultan/kereycomfort/,"Астана, Есильский р-н, ул. Коргалжинское шоссе, рядом с университетом КАЗГЮУ",380000²tg,,
https://krisha.kz/complex/show/kostanay/davinci/,"Костанай, микрорайон Береке, 142/1",480000²tg,,
https://krisha.kz/complex/show/almaty/nurlydala/,"Алматы, Наурызбайский р-н, ул. Райымбека - ул. Жуалы",tg,,
https://krisha.kz/complex/show/karaganda/janadala/,"Караганда, ул. Степной 4, 23/2",285000²tg,,
https://krisha.kz/complex/show/nur-sultan/rio-de-janeiro/,"Астана, Сарыарка р-н, ул. Косшыгулулы, 159",330000²tg,,
https://krisha.kz/complex/show/aktau/delmarmo/,"Актау, 14 микрорайон, участок № 2",330000²tg,,
https://krisha.kz/complex/show/almaty/demeuresidence/,"Алматы, Медеуский р-н, участок 192",580000²tg,,
https://krisha.kz/complex/show/almaty/frenchhouse/,"Алматы, Наурызбайский р-н, мкрн.Қарағайлы",350000²tg,,
https://krisha.kz/complex/show/almaty/dominolife/,"Алматы, Медеуский р-н, ул. Жамакаева, 308",16²tg,,
https://krisha.kz/complex/show/dreampark/,"Косшы, Косшы, ул. Республики, уч. 91",260000²tg,,
https://krisha.kz/complex/show/alanya/kavidreams/,"Турция, Аланья, Oba mah., Bedenliler sk., No 19",890000²tg,,
https://krisha.kz/complex/show/almaty/exclusiveduet/,"Алматы, Бостандыкский р-н, проспект Абая, 28а​",970000²tg,,
https://krisha.kz/complex/show/nur-sultan/ispanskyidvorik/,"Астана, Есильский р-н, ул. Е 523 - ул. Е 695",300000²tg,,
https://krisha.kz/complex/show/turkestan/yassyecovillage/,"Туркестан, ул. Жана кала, 32",420000²tg,,
https://krisha.kz/complex/show/almaty/ecopark/,"Алматы, Бостандыкский р-н, Микрорайон Ерменсай, ул. Талапты, 30",970000²tg,,
https://krisha.kz/complex/show/ekibastuz/eltau/,"Экибастуз, ул. Ауэзова 55а",420000²tg,,
https://krisha.kz/complex/show/ust-kamenogorsk/emeralds/,"Усть-Каменогорск, ул. Кокжал Барака, 7/3",400000²tg,,
https://krisha.kz/complex/show/almaty/etasaresidence/,"Алматы, Бостандыкский р-н, ул. Жарокова, уч. 218",650000²tg,,
https://krisha.kz/complex/show/nur-sultan/familyhouse/,"Косшы, мкр. 5Б, уч. 88/1",220000²tg,,
https://krisha.kz/complex/show/nur-sultan/ferdinand/,"Астана, Есильский р-н, район пересечения улиц Е321 и Е464",11²tg,,
https://krisha.kz/complex/show/nur-sultan/flagman/,"Астана, Сарыарка р-н, ул. Шығанақ - ул. Кенесары",551000²tg,,
https://krisha.kz/complex/show/almaty/flora/,"Алматы, Наурызбайский р-н, мкр.Тастыбулак, ул.Таутаган 6",380000²tg,,
https://krisha.kz/complex/show/nur-sultan/gamma/,"Астана, Есильский р-н, ул. Абикена Бектурова",413000²tg,,
https://krisha.kz/complex/show/almaty/gardenhills/,"Алматы, Бостандыкский р-н, ул. 13-я, 138/2",700000²tg,,
https://krisha.kz/complex/show/karaganda/lifegarden/,"Караганда, улица Кабжанова 75",500000²tg,,
https://krisha.kz/complex/show/nur-sultan/gimalai/,"Астана, Алматы р-н, ул. Нажмиденова",320000²tg,,
https://krisha.kz/complex/show/semey/pouliceglinki/,"Семей, ул. Глинки",295000²tg,,
https://krisha.kz/complex/show/astana/golfvillage/,"Астана, Алматы р-н, район пересечения А68, А91 и А123",250000²tg,,
https://krisha.kz/complex/show/almaty/graff/,"Алматы, Бостандыкский р-н, ул. 7-переулок, 67",599000²tg,,
https://krisha.kz/complex/show/ust-kamenogorsk/granvia/,"Усть-Каменогорск, ул. Жибек жолы, 6/2",360000²tg,,
https://krisha.kz/complex/show/nur-sultan/grandvictoria/,"Астана, Алматы р-н, ул. Ж.Нажимеденова угол ул. С.Нурмагамбетова",430000²tg,,
https://krisha.kz/complex/show/uralsk/grandrauza/,"Уральск, мкрн. ""Астана"" и 5 мкрн., уч.1",800000²tg,,
https://krisha.kz/complex/show/almaty/granit/,"Боралдай (Бурундай), пос.Бурундай мкр водник - 2 ул. Суворова 17К",400000²tg,,
https://krisha.kz/complex/show/nur-sultan/greenhousepremium/,"Астана, Алматы р-н, ул. Ш.Калдаякова угол ул. С.Нурмагамбетова",425000²tg,,
https://krisha.kz/complex/show/nur-sultan/greenlinevita/,"Астана, вдоль ул. Е-305",366000²tg,,
https://krisha.kz/complex/show/taraz/hamiltonpark/,"Тараз, улица Капал, 62",450000²tg,,
https://krisha.kz/complex/show/shymkent/hayatriver/,"Шымкент, Аль-Фарабийский р-н, ​Улица Турысова, 1/12",390000²tg,,
https://krisha.kz/complex/show/Almaty/regishills/,"Алматы, Бостандыкский р-н, мкр. Ерменсай, ​3-й переулок, 46",876227²tg,,
https://krisha.kz/complex/show/nur-sultan/koktobehills/,"Астана, Есильский р-н, микрарайон Уркер, ул. Умбетей жырау - ул. Узак батыр",250000²tg,,
https://krisha.kz/complex/show/almaty/irishome/,"Алматы, Наурызбайский р-н, ул. Саудакент, 20",399000²tg,,
https://krisha.kz/complex/show/kaskelen/ujniy/,"Каскелен, мкр.Южный",200000²tg,,
https://krisha.kz/complex/show/karaganda/parkhouse2/,"Караганда, ул.Гудермесская 104\5",250000²tg,,
https://krisha.kz/complex/show/nur-sultan/satiparkhouse/,"Астана, ул. Мангилик Ел - ул. Е497",715000²tg,,
https://krisha.kz/complex/show/kostanay/parkhouse/,"Костанай, пересечение улиц Гашека и Волынова",385000²tg,,
https://krisha.kz/complex/show/astana/turanhouse/,"Астана, Есильский р-н, ул. E103 участок 5",300000²tg,,
https://krisha.kz/complex/show/uralsk/riverhouse/,"Уральск, ул. Некрасова 29Б",290000²tg,,
https://krisha.kz/complex/show/nur-sultan/aibike/,"Астана, Алматы р-н, ул.А.Бөлекпаева, 22 стр",275000²tg,,
https://krisha.kz/complex/show/almaty/remizovkaidealnayarezidencia/,"Алматы, ул. Арайлы, 20 к2",630000²tg,,
https://krisha.kz/complex/show/nur-sultan/istanbul/,"Астана, Есильский р-н, пересечение улиц Баян сулу и Кыз Жибек",640000²tg,,
https://krisha.kz/complex/show/almaty/janaomir/,"Отеген батыр, жилой массив Жана куат, ул. Аубакирова",350000²tg,,
https://krisha.kz/complex/show/almaty/jardin/,"Алматы, Бостандыкский р-н, мкрн. Нурлытау, 932",700000²tg,,
https://krisha.kz/complex/show/shymkent/jasotauturan/,"Шымкент, Каратауский р-н, мкр. Туран, 2",283000²tg,,
https://krisha.kz/complex/show/uralsk/jayikkent/,"Уральск, ул. Дины Нурпеисовой, 40/2",250000²tg,,
https://krisha.kz/complex/show/nur-sultan/jetisulepsi/,"Астана, Есильский р-н, проспект Улы Дала",418108²tg,,
https://krisha.kz/complex/show/aktobe/jibekjoly1/,"Актобе, микрорайон Батыс-2, участок 251В",180000²tg,,
https://krisha.kz/complex/show/atyrau/jmtowers/,"Атырау, пр. Абулхайыр хана, 85",546000²tg,,
https://krisha.kz/complex/show/almaty/kamenkapark/,"Алматы, Наурызбайский р-н, мкр. Таусамалы, ул. Жандосова 70а",500000²tg,,
https://krisha.kz/complex/show/aktau/kapital/,"Актау, 11-й мкр., 58",255000²tg,,
https://krisha.kz/complex/show/karaganda/kenshi/,"Караганда, улица Шахтеров 73",295000²tg,,
https://krisha.kz/complex/show/nur-sultan/kerei/,"Астана, Алматы р-н, ул. Жургенова угол ул. Боекбаева",310000²tg,,
https://krisha.kz/complex/show/nur-sultan/kerim/,"Астана, Алматы р-н, Пересечение улиц А.Байтурсынова и А-62",280000²tg,,
https://krisha.kz/complex/show/karaganda/keruen/,"Караганда, проспект Республики, участок 49",351000²tg,,
https://krisha.kz/complex/show/nur-sultan/khanresidence/,"Астана, Сарыарка р-н, пересечение пр. Н. Тлендиева и ул. Баршын",285000²tg,,
https://krisha.kz/complex/show/shymkent/khanzada/,"Шымкент, микрорайон Спортивный, ул. Байтурсынова, 35/7",460000²tg,,
https://krisha.kz/complex/show/almaty/koksay/,"Алматы, ул. МТФ, 3",900000²tg,,
https://krisha.kz/complex/show/nur-sultan/kokshebel/,"Астана, ул. Косшыгулулы, 15",280000²tg,,
https://krisha.kz/complex/show/astana/leya-koktal/,"Астана, Сарыарка р-н, ул. ​Аккорган, 2а стр",tg,,
https://krisha.kz/complex/show/kokshetau/koktempark/,"Кокшетау, мкрн. Сарыарка 12 (напротив IT школы)",265000²tg,,
https://krisha.kz/complex/show/us-kamenogorsk/koktem/,"Усть-Каменогорск, Проспект Илияса Есенберлина, 14",342000²tg,,
https://krisha.kz/complex/show/almaty/comfortcity/,"Алматы, Бостандыкский р-н, улица Гагарина 310",750000²tg,,
https://krisha.kz/complex/show/petropavlovsk/komfort/,"Петропавловск, ул. Советская, д. 144",350000²tg,,
https://krisha.kz/complex/show/ust-kamenogorsk/krilova/,"Усть-Каменогорск, ул. Крылова, 70\1",370000²tg,,
https://krisha.kz/complex/show/koksehtau/raduzhniykvartal/,"Кокшетау, мкр Сары-Арка, 13А",260000²tg,,
https://krisha.kz/complex/show/nur-sultan/lesnayapolyana/,"Косшы, ЖМ Лесная поляна, 46",276000²tg,,
https://krisha.kz/complex/show/nur-sultan/newline/,"Астана, Есильский р-н, ул. Е117",270000²tg,,
https://krisha.kz/complex/show/nur-sultan/lisbon/,"Астана, ул. Айтматова - ул. Е-19",330000²tg,,
https://krisha.kz/complex/show/karaganda/london/,"Караганда, Казыбек би р-н, Жамбыла, 156/2",500000²tg,,
https://krisha.kz/complex/show/aktau/lumiere/,"Актау, 20 микрорайон",310000²tg,,
https://krisha.kz/complex/show/almaty/madeira/,"Алматы, Бостандыкский р-н, вверх по Навои",12²tg,,
https://krisha.kz/complex/show/nur-sultan/madi/,"Астана, по ул.Сыганак",379000²tg,,
https://krisha.kz/complex/show/karaganda/manhattan/,"Караганда, Казыбек би р-н, улица Таттимбета, участок 10Б",270000²tg,,
https://krisha.kz/complex/show/aktau/mansur/,"Актау, 20 мкр., 19, 22",160000²tg,,
https://krisha.kz/complex/show/uralsk/meken/,"Уральск, ул Молдагалиева 39",260000²tg,,
https://krisha.kz/complex/show/kostanay/mendykara/,"Костанай, ул. Уральская, 45А",310000²tg,,
https://krisha.kz/complex/show/karaganda/merei/,"Караганда, 137-й учетный квартал, 599",285000²tg,,
https://krisha.kz/complex/show/almaty/miracle/,"Алматы, Бостандыкский р-н, просп. Абая, уч. 38",960000²tg,,
https://krisha.kz/complex/show/almaty/monarch/,"Алматы, ул. Жамакаева, 155",692521²tg,,
https://krisha.kz/complex/show/uralsk/monkeuly/,"Уральск, ул. Монкеулы, 115",260000²tg,,
https://krisha.kz/complex/show/almaty/munartau/,"Алматы, Наурызбайский р-н, ул. Сейдимбек, 102/2",590000²tg,,
https://krisha.kz/complex/show/novosibirsk/nasledie/,"Россия, Новосибирск, ул. Перевозчикова, 4",1²tg,,
https://krisha.kz/complex/show/uralsk/nauryz/,"Уральск, Бауыржан Момышуы, 47/3",240000²tg,,
https://krisha.kz/complex/show/kokshetau/nazym/,"Кокшетау, мкр. Сарыарка  2Г",300000²tg,,
https://krisha.kz/complex/show/petropavlovsk/novator/,"Петропавловск, 2я-Новаторная, 10А",280000²tg,,
https://krisha.kz/complex/show/nur-sultan/novopolis/,"Астана, Сарыарка р-н, ул. Караменде би Шакаулы, 13",300000²tg,,
https://krisha.kz/complex/show/tuzdysbatau/oasis/,"Туздыбастау (Калинино), Микрорайон Айжарык, 1в",400000²tg,,
https://krisha.kz/complex/show/oazis/,"Астана, Есильский р-н, ул. Айтматова, вблизи набережной",tg,,
https://krisha.kz/complex/show/karaganda/otbasym/,"Караганда, ул. Рыскулова",320000²tg,,
https://krisha.kz/complex/show/almaty/otegencity/,"Отеген батыр, посёлок Отеген батыр (бывший Грэс), улица 37",300000²tg,,
https://krisha.kz/complex/show/almaty/ozhetplus/,"Алматы, Алатауский р-н, ул. Северное кольцо, 92/2",360000²tg,,
https://krisha.kz/complex/show/nur-sultan/turanpalace/,"Астана, Есильский р-н, пересечение пр. Туран и ул. №31",420000²tg,,
https://krisha.kz/complex/show/kostanay/panoramapark/,"Костанай, ул. Темирбаева, 50",365000²tg,,
https://krisha.kz/complex/show/almaty/raiymbekpark/,"Алматы, Алмалинский р-н, ул. Райымбека, 174/2",550000²tg,,
https://krisha.kz/complex/show/almaty/seyfullinpark/,"Алматы, Жетысуский р-н, ул. Булкушева - ул. Сейфуллина",525000²tg,,
https://krisha.kz/complex/show/shymkent/primepark/,"Шымкент, Каратауский р-н, проспект Байдибек би, участок 2/1",395000²tg,,
https://krisha.kz/complex/show/astana/parus/,"Астана, Алматы р-н, ул. Майлина, 6",365000²tg,,
https://krisha.kz/complex/show/nur-sultan/firdaus/,"Астана, Алматы р-н, район ул. А.Байтурсынова пер. пр.Улы Дала",325000²tg,,
https://krisha.kz/complex/show/nur-sultan/qway/,"Астана, ул. А62, участок 2",270000²tg,,
https://krisha.kz/complex/show/almaty/qadam/,"Алматы, Наурызбайский р-н, ул. Береке, 9 стр",410000²tg,,
https://krisha.kz/complex/show/nur-sultan/qazyna/,"Астана, Алматы р-н, ул. Байтурсынова угол ул. Нурмагамбетова",360000²tg,,
https://krisha.kz/complex/show/aktobe/rahmet/,"Актобе, мкр.Батыс-2, участок 351",246000²tg,,
https://krisha.kz/complex/show/nur-sultan/rayimbek/,"Астана, Алматы р-н, пересечение улиц Райымбек батыра и К. Азербаева",420000²tg,,
https://krisha.kz/complex/show/aktobe/rayan/,"Актобе, ул. Санкибай батыра 177А",260000²tg,,
https://krisha.kz/complex/show/almaty/regent/,"Алматы, Бостандыкский р-н, Жангир хана, 25",800000²tg,,
https://krisha.kz/complex/show/atyrau/riversideresidents/,"Атырау, ул. Шамина, 5в",350000²tg,,
https://krisha.kz/complex/show/uralsk/samal/,"Уральск, ул. Самал, 110",180000²tg,,
https://krisha.kz/complex/show/ust-kamenogorsk/sana/,"Усть-Каменогорск, между пр.И.Есенберлина и пр.К.Сатпаева, позиция 86",340000²tg,,
https://krisha.kz/complex/show/nur-sultan/sancy/,"Астана, Алматы р-н, ул. Жумекен Нажимеденова, 39",299000²tg,,
https://krisha.kz/complex/show/nur-sultan/saratan/,"Астана, Алматы р-н, ул. А91",300000²tg,,
https://krisha.kz/complex/show/shymkent/sauran/,"Шымкент, Каратауский р-н, ул. Шымсити",330000²tg,,
https://krisha.kz/complex/show/almaty/saxonyard/,"Алматы, Бостандыкский р-н, мкр. Нур Алатау, ул. 13, уч. № 40, 96",850000²tg,,
https://krisha.kz/complex/show/karaganda/senim/,"Караганда, ул. Строителей, 33/14",290000²tg,,
https://krisha.kz/complex/show/nur-sultan/shabyt/,"Астана, ул. Орынбор",534800²tg,,
https://krisha.kz/complex/show/astana/shyngys/,"Астана, Нура р-н, ул. Е-429, 6​ (пересечение улиц Мухамедханова и Ш.Айтматова)",300000²tg,,
https://krisha.kz/complex/show/almaty/shynyray/,"Алматы, Наурызбайский р-н, улица Алтын Орда, 6г",335000²tg,,
https://krisha.kz/complex/show/nur-sultan/sunland/,"Астана, Нура р-н, пересечение просп. Улы Дала ул. Казыбек Би",370000²tg,,
https://krisha.kz/complex/show/aktobe/sunqar/,"Актобе, микрорайон Батыс-2, участок 24Е",270000²tg,,
https://krisha.kz/complex/show/nur-sultan/syganak/,"Астана, Есильский р-н, ул. Сыганак, 51д",385000²tg,,
https://krisha.kz/complex/show/talgar/talhiztany/,"Талгар, ул. Нуртазина, 31",350000²tg,,
https://krisha.kz/complex/show/karaganda/taugul/,"Караганда, Казыбек би р-н, ул. Муканова, 78",250000²tg,,
https://krisha.kz/complex/show/kostanay/teatralniy/,"Костанай, ул. Бородина, 111",440000²tg,,
https://krisha.kz/complex/show/almaty/titultown/,"Алматы, Алатауский р-н, ул. 7, 142/92",390000²tg,,
https://krisha.kz/complex/show/kostanay/tobol/,"Костанай, ул. Гашека 9",430000²tg,,
https://krisha.kz/complex/show/aktau/tolkyntownhouse/,"Актау, 29 мкр. 202 участок",330000²tg,,
https://krisha.kz/complex/show/aktau/tomiristowers/,"Актау, Мкр. 16, уч. 31",320000²tg,,
https://krisha.kz/complex/show/zhanaozen/zhanauzentowers/,"Жанаозен, мкрн Коктем, 52А",180000²tg,,
https://krisha.kz/complex/show/petropavsk/uyut/,"Петропавловск, ул. Мусрепова 11а",tg,,
https://krisha.kz/complex/show/nur-sultan/vienna/,"Астана, ул. Бухар жырау уг.ул. 809",500000²tg,,
https://krisha.kz/complex/show/almaty/vostok/,"Алматы, ул. Райымбек батыра, 283",360000²tg,,
https://krisha.kz/complex/show/karaganda/zaman/,"Караганда, ул. Букетова, 60а, район нового центра",372400²tg,,
https://krisha.kz/complex/show/nur-sultan/zauzar/,"Астана, Алматы р-н, район пересечения улиц Ш.Калдаякова и А78",330000²tg,,
https://krisha.kz/complex/show/aktobe/zere/,"Актобе, Батыс-2, участок 353/3",229659²tg,,
https://krisha.kz/complex/show/semey/jasmin/,"Семей, ул. Дастенова, 30А",320000²tg,,
https://krisha.kz/complex/show/nur-sultan/zheneva/,"Астана, Алматы р-н, ул. Шамши Калдаякова - ул. А 78",420000²tg,,
https://krisha.kz/complex/show/aktobe/zura/,"Актобе, Батыс-2, Мангилик Ел, 30Б",270000²tg,,
https://krisha.kz/complex/show/shymkent/standartcity/,"Шымкент, Мкр.Нуртас",350000²tg,,
https://krisha.kz/complex/show/almaty/nuria/,"Бесагаш, ул. Талгарский тракт, с. Бесагаш",410000²tg,,
https://krisha.kz/complex/show/almaty/soho-17/,"Алматы, Ауэзовский р-н, ул. Навои, 58/1",620000²tg,,
https://krisha.kz/complex/show/aktobe/greenpark/,"Актобе, с/к Саздинское лесничество  228/37",220000²tg,,
https://krisha.kz/complex/show/karaganda/comfortniy-dom-2/,"Караганда, ул. Волочаевская, 1 стр",280000²tg,,
https://krisha.kz/complex/show/ust-kamenogorsk/satticity/,"Усть-Каменогорск, ​ул. Илияса Есенберлина, 80",300000²tg,,
https://krisha.kz/complex/show/turkestan/syrdariya2/,"Туркестан, мкр. Жана Кала",310000²tg,,
https://krisha.kz/complex/show/nur-sultan/primegarden/,"Астана, Есильский р-н, ул. Жошы хан, 27",470000²tg,,
https://krisha.kz/complex/show/dostar2/aktobe/,"Актобе, мкрн Батыс-3",200000²tg,,
https://krisha.kz/complex/show/karaganda/otau2/,"Караганда, ул. Муканова, 51/8",290000²tg,,
https://krisha.kz/complex/show/aktobe/alem2/,"Актобе, мкр. Батыс 2, участок 46",230000²tg,,
https://krisha.kz/complex/show/nur-sultan/zere-2/,"Астана, Алматы р-н, пересечения ул. А244 и пр. Р. Кошкарбаева",tg,,
https://krisha.kz/complex/show/karaganda/comfortnii-dom-3/,"Караганда, ул. Волочаевская, стр. 2",275000²tg,,
https://krisha.kz/complex/show/karaganda/otau3/,"Караганда, Муканова 51",270000²tg,,
https://krisha.kz/complex/show/nur-sultan/tselinograd4/,"Астана, Сарыарка р-н, ул. Кумисбекова, 9, 9/1, 9а",350000²tg,,
https://krisha.kz/complex/show/aktau/7qazyna/,"Актау, 38 мкрн",200000²tg,,
https://krisha.kz/complex/show/petropavlovsk/8kvartal/,"Петропавловск, ул. Жабаева - ул. Челюскина",370000²tg,,
https://krisha.kz/complex/show/pavlodar/abayacity/,"Павлодар, ул. Абая, 223",320000²tg,,
https://krisha.kz/complex/show/kokshetau/abay/,"Кокшетау, ул. Байтурсынова, 70/1",290000²tg,,
https://krisha.kz/complex/show/pavlodar/adina/,"Павлодар, ул. Луговая 6/1",420000²tg,,
https://krisha.kz/complex/show/nur-sultan/agate/,"Астана, Есильский р-н, ул. Толе би, 53",420000²tg,,
https://krisha.kz/complex/show/nur-sultan/aibar/,"Астана, Сарыарка р-н, ул. ​Кумисбекова, 11/1 и ул. 187",430000²tg,,
https://krisha.kz/complex/show/nur-sultan/ainabulaq/,"Астана, Есильский р-н, прос. Мәңгілік ел угол ул. Хусейн бен Талал",320000²tg,,
https://krisha.kz/complex/show/novosibirsk/akademklubb/,"Россия, Новосибирск, Новосибирский район, пос. Каинская заимка, ул. Серебряное Озеро",678384²tg,,
https://krisha.kz/complex/show/shymkent/alfarabi/,"Шымкент, мкрн. Нурсат, проспект Назарбаева, 14/1",509105²tg,,
https://krisha.kz/complex/show/aktobe/alashorda/,"Актобе, микрорайон Батыс-1, ул. Мангилик Ел",190000²tg,,
https://krisha.kz/complex/show/aktau/alemtowers/,"Актау, 17мкр., 98 участок",300000²tg,,
https://krisha.kz/complex/show/aktobe/aliya/,"Актобе, микрорайон Батыс-2, 49Л",220000²tg,,
https://krisha.kz/complex/show/alma-city/,"Алматы, Наурызбайский р-н, ул. Жунисова, 10 к1",294900²tg,,
https://krisha.kz/complex/show/aktobe/altyntaga/,"Актобе, Батыс-2, участок 350",220000²tg,,
https://krisha.kz/complex/show/kokshetau/altynqala/,"Кокшетау, ул. Женис, 80",330000²tg,,
https://krisha.kz/complex/show/petropavlovsk/altynsarin/,"Петропавловск, ул. Алтынсарина, 52",340000²tg,,
https://krisha.kz/complex/show/nur-sultan/aman/,"Астана, Есильский р-н, проспект Мангилик Ел, напротив новой главной мечети",402000²tg,,
https://krisha.kz/complex/show/almaty/amir/,"Алматы, Бостандыкский р-н, ул. Розыбакиева - ул. Ескараева",964615²tg,,
https://krisha.kz/complex/show/almaty/gulana/,"Алматы, Жетысуский р-н, ул. Райымбека, 259",400000²tg,,
https://krisha.kz/complex/show/almaty/applepark/,"Алматы, Наурызбайский р-н, ул. Акселеу Сейдембек, 105/6",655000²tg,,
https://krisha.kz/complex/show/nur-sultan/argento/,"Астана, Есильский р-н, ул. Акмешит - ул. Орынбор",549000²tg,,
https://krisha.kz/complex/show/aktobe/araily/,"Актобе, пр. Абулхайр-хана - ул. Аз-Наурыз, д. 144",305000²tg,,
https://krisha.kz/complex/show/almaty/arlan/,"Бесагаш, Талгарский район, Алматинская область, ул. Сырым батыра, 80",384000²tg,,
https://krisha.kz/complex/show/turkestan/arman/,"Туркестан, АДС - 5",250000²tg,,
https://krisha.kz/complex/show/nur-sultan/armantau-comfort2/,"Астана, Алматы р-н, ул. Байтурсынова, 20",370000²tg,,
https://krisha.kz/complex/show/uralsk/asan/,"Уральск, с. Асан, ул. Жубана Молдагалиева, 8",240000²tg,,
https://krisha.kz/complex/show/shymkent/asarhouse/,"Шымкент, 189 квартал, 25/1",300000²tg,,
https://krisha.kz/complex/show/almaty/ashyqtobe/,"Бесагаш, ул. Кульджинский тракт, 156/4",360000²tg,,
https://krisha.kz/complex/show/nur-sultan/atamari/,"Астана, Есильский р-н, ул. Мухамедханова",420000²tg,,
https://krisha.kz/complex/show/nur-sultan/autlet/,"Астана, Алматы р-н, проспект Кошкарбаева, стр. 48",350000²tg,,
https://krisha.kz/complex/show/shymkent/avalon/,"Шымкент, Каратауский р-н, микрорайон Нуртас",490000²tg,,
https://krisha.kz/complex/show/ust-kamenogorsk/avenue/,"Усть-Каменогорск, Пр. Есенберлина, позиция 98",300000²tg,,
https://krisha.kz/complex/show/atyrau/aysana/,"Атырау, мкр. Жетыказына, улица Каленова",380000²tg,,
https://krisha.kz/complex/show/uralsk/azimut/,"Уральск, проспект Абулхаирхана, дом 147",285000²tg,,
https://krisha.kz/complex/show/atyrau/baisanatresidence/,"Атырау, Мкр. Нурсая, улица Таумуш Жумагалиева, 6",360000²tg,,
https://krisha.kz/complex/show/almaty/barakat/,"Алматы, Бостандыкский р-н, ул. Казыбек Тауасарулы, 71\1",700000²tg,,
https://krisha.kz/complex/show/pavlodar/barcelona/,"Павлодар, ул. Расковой 9/2",285000²tg,,
https://krisha.kz/complex/show/shymkent/batsuecovillage/,"Шымкент, Абайский р-н, Тамерлановское шоссе, 205/5",320000²tg,,
https://krisha.kz/complex/show/batumi/bianca/,"Грузия, Батуми, ул. Леха и Марии Качиньских, д. 5",660000²tg,,
https://krisha.kz/complex/show/zhanaozen/beibitshilik/,"Жанаозен, мкр.Акбулак, Торегали Кадыров, 55а",180000²tg,,
https://krisha.kz/complex/show/almaty/belgravia/,"Алматы, Бостандыкский р-н, ул. Бахадур, вверх по Оспанова",730000²tg,,
https://krisha.kz/complex/show/almaty/besagashresidence/,"Бесагаш, Бесагаш, ул. Халифы Алтая 38",413333²tg,,
https://krisha.kz/complex/show/almaty/beverlyhills/,"Алматы, Медеуский р-н, Мкрн. Юбилейный",14²tg,,
https://krisha.kz/complex/show/nur-sultan/baisal/,"Астана, микрорайон Пригородный",230000²tg,,
https://krisha.kz/complex/show/karaganda/baisanat/,"Караганда, ул. Дюсембекова",300000²tg,,
https://krisha.kz/complex/show/pavlodar/bolashaq/,"Павлодар, ул. Ак.Сатпаева 350/2",320000²tg,,
https://krisha.kz/complex/show/nur-sultan/nabotanicheskom/,"Астана, Есильский р-н, ул. Акмешит, 9",688000²tg,,
https://krisha.kz/complex/show/nur-sultan/bravofamily/,"Астана, Алматы р-н, ул. Нажимеденова (район Пирамиды)",412000²tg,,
https://krisha.kz/complex/show/karaganda/brownstone/,"Караганда, ул. Анжерская, 37/2",360000²tg,,
https://krisha.kz/complex/show/nur-sultan/burabay/,"Астана, Алматы р-н, ул. Ж. Нажимеденова - ул. А62",355000²tg,,
https://krisha.kz/complex/show/atyrau/talan/,"Атырау, просп. Абылхаир хана - ул. Жумагалиева",471000²tg,,
https://krisha.kz/complex/show/ust-kamenogorsk/chistoenebo/,"Усть-Каменогорск, проспект К.Сатпаева, 15д",355000²tg,,
https://krisha.kz/complex/show/turkestan/nur-sultancity/,"Туркестан, мкр. ""Жаңа қала"" сзади Обл. Акимата",310000²tg,,
https://krisha.kz/complex/show/atyrau/newcity/,"Атырау, пр. Абулхайыр хана, 74-5",487000²tg,,
https://krisha.kz/complex/show/shymkent/otaucity/,"Шымкент, ул. Назарбекова - ул. Шаяхметов",353000²tg,,
https://krisha.kz/complex/show/almaty/greencity/,"Алматы, Медеуский р-н, мкрн Думан-2",500000²tg,,
https://krisha.kz/complex/show/almaty/tamarixcity/,"Алматы, Турксибский р-н, Район рынкка ""Жетысу-Семиречье"", Микрорайон Кайрат",430000²tg,,
https://krisha.kz/complex/show/almaty/cityplus/,"Алматы, Ауэзовский р-н, ул. Толе би, 285 - ул. Отеген батыра",383000²tg,,
https://krisha.kz/complex/show/almaty/cityvilla/,"Алматы, с. Туздыбастау, ул. Карасай Батыра, 1804в",350000²tg,,
https://krisha.kz/complex/show/uralsk/suncitynext/,"Уральск, ул. Самал, 82",240000²tg,,
https://krisha.kz/complex/show/nur-sultan/rclub/,"Астана, Есильский р-н, проспект Мангилик Ел",700000²tg,,
https://krisha.kz/complex/show/nur-sultan/compassnorth/,"Астана, Алматы р-н, пересечение улиц Ш. Калдаякова и А82",450000²tg,,
https://krisha.kz/complex/show/shymkent/shanyrakconstruction/,"Шымкент, ул. Айбергенова, 2",585000²tg,,
https://krisha.kz/complex/show/ust-kamenogorsk/deluxetown/,"Усть-Каменогорск, проспект Илияса Есенберлина, 89",395000²tg,,
https://krisha.kz/complex/show/almaty/dialresidence/,"Алматы, Алмалинский р-н, просп. Сейфуллина, 533",900000²tg,,
https://krisha.kz/complex/show/almaty/dynastia/,"Алматы, Медеуский р-н, ул. Ремизовка, 1а",850000²tg,,
https://krisha.kz/complex/show/nur-sultan/discovery/,"Астана, Алматы р-н, ул. Байтурсынова - ул. Азербаева",382000²tg,,
https://krisha.kz/complex/show/aktobe/novo-dom/,"Актобе, р-н Батыс 2, дом 5",300000²tg,,
https://krisha.kz/complex/show/aktobe/domino/,"Актобе, ул. Мангилик Ел, участок 16Д",245000²tg,,
https://krisha.kz/complex/show/almaty/kddostar/,"Алматы, Алатауский р-н, Еспаева, 10",570000²tg,,
https://krisha.kz/complex/show/atyrau/dostyk/,"Атырау, ул. Дружбы 14",360000²tg,,
https://krisha.kz/complex/show/aktau/easthouses/,"Актау, мкр. Шыгыс 2",160000²tg,,
https://krisha.kz/complex/show/nur-sultan/esiltower/,"Астана, Сарыарка р-н, ул. Е 882, дом 5",450000²tg,,
https://krisha.kz/complex/show/almaty/riverhouse/,"Алматы, Ауэзовский р-н, ул. Навои, 68/2",800000²tg,,
https://krisha.kz/complex/show/almaty/exclusiveubilenyi/,"Алматы, Медеуский р-н, ул. Ондасынова, 1/1",16²tg,,
https://krisha.kz/complex/show/astana/primeexpo/,"Астана, Есильский р-н, проспект Улы Дала, 58/1",450000²tg,,
https://krisha.kz/complex/show/karaganda/familypark/,"Караганда, Казыбек би р-н, ​Муканова, 47/3",321315²tg,,
https://krisha.kz/complex/show/nur-sultan/florence/,"Астана, Алматы р-н, ул. А-4 / А-42/ А-43 / А-30 / ул. Ивана Панфилова",318878²tg,,
https://krisha.kz/complex/show/nur-sultan/forestparkvillage/,"Астана, Есильский р-н, ул. Е331 - ул. Е466",750000²tg,,
https://krisha.kz/complex/show/almaty/gardenhouse/,"Алматы, Медеуский р-н, ул. Мангистауская, 18",520000²tg,,
https://krisha.kz/complex/show/kokshetau/garmonia/,"Кокшетау, микрорайон Васильковский, д.18/2",290000²tg,,
https://krisha.kz/complex/show/astana/tumar-grand-village/,"Астана, Есильский р-н, южнее ж. м. Тельмана, ул. Е116 и Е448",830000²tg,,
https://krisha.kz/complex/show/nur-sultan/terra/,"Астана, Есильский р-н, ул. Кайыма Мухамедханова",490900²tg,,
https://krisha.kz/complex/show/batumi/greenside/,"Грузия, Батуми, adjara, axalsofeli",215000²tg,,
https://krisha.kz/complex/show/almaty/hayatpark/,"Алматы, Бостандыкский р-н, микрорайон Баганшил, ул. Мади, 1в",955000²tg,,
https://krisha.kz/complex/show/nur-sultan/hazar/,"Астана, Есильский р-н, просп. Мәңгілік Ел, стр. 40/1",410000²tg,,
https://krisha.kz/complex/show/almaty/pinehill/,"Алматы, Медеуский р-н, мкрн Ремизовка, 7-й пер., 6",11²tg,,
https://krisha.kz/complex/show/almaty/skyhills/,"Алматы, Бостандыкский р-н, мкр Нур Алатау, ул. Какимбек Салыков, 42",500000²tg,,
https://krisha.kz/complex/show/almaty/mirashills/,"Алматы, Наурызбайский р-н, ул. Нажимеденова, 78",670000²tg,,
https://krisha.kz/complex/show/nur-sultan/hokkaido/,"Астана, Есильский р-н, ул. К. Мухамедханова - шоссе Коргалжын",400000²tg,,
https://krisha.kz/complex/show/aktau/qazynahouse/,"Актау, 32В мкр., 68 участок",160000²tg,,
https://krisha.kz/complex/show/almaty/rhouse/,"Алматы, Бостандыкский р-н, ул. Розыбакиева, 237",770000²tg,,
https://krisha.kz/complex/show/aktau/aisar/,"Актау, 16 микрорайон, 15/2",280000²tg,,
https://krisha.kz/complex/show/ust-kamenogorsk/ayimzhan/,"Усть-Каменогорск, ул. Казыбек Би, 1Б",385000²tg,,
https://krisha.kz/complex/show/phuket/vipkaron/,"Таиланд, Karon Beach Phuket Thailand",13²tg,,
https://krisha.kz/complex/show/pavlodar/kazkor/,"Павлодар, ул. Торайгырова 1/4",350000²tg,,
https://krisha.kz/complex/show/atyrau/keremet/,"Атырау, мкр. Жеты Казына, ул. Жумабаева",650000²tg,,
https://krisha.kz/complex/show/nur-sultan/khanplaza/,"Астана, Есильский р-н, ул. Е-496, участок 2А",450000²tg,,
https://krisha.kz/complex/show/atyrau/xanorda/,"Атырау, Набережная Урала, район пешего моста",450000²tg,,
https://krisha.kz/complex/show/nur-sultan/kingslandresidence/,"Астана, Сарыарка р-н, ул. Аккемелер, 32А",1²tg,,
https://krisha.kz/complex/show/kokshetau/,"Кокшетау, ул. Сулейманова, 27",270000²tg,,
https://krisha.kz/complex/show/aktobe/korkem/,"Актобе, Батыс-2 51Г",210000²tg,,
https://krisha.kz/complex/show/nur-sultan/kurmet/,"Астана, Алматы р-н, ул. Дауылпаз, 7/2",450000²tg,,
https://krisha.kz/complex/show/atyrau/francuzkiykvartal/,"Атырау, мкр Ак-Шагала, ул. 2, строение 84",450000²tg,,
https://krisha.kz/complex/show/nur-sultan/kvezal/,"Астана, Есильский р-н, ул. Ильяс Омарова, 25",450000²tg,,
https://krisha.kz/complex/show/aktobe/kyzgaldak/,"Актобе, Батыс 2 микрорайон, 25",260000²tg,,
https://krisha.kz/complex/show/almaty/laverde/,"Алматы, Медеуский р-н, ул. Жамакаева, 252",14²tg,,
https://krisha.kz/complex/show/nur-sultan/q-life/,"Астана, ул. Розы Баглановой",420000²tg,,
https://krisha.kz/complex/show/astana/lotos/,"Астана, Сарыарка р-н, ул. Серкебаева 21",450000²tg,,
https://krisha.kz/complex/show/nur-sultan/medinatower/,"Астана, Есильский р-н, ул. Туран, 56",460000²tg,,
https://krisha.kz/complex/show/aktau/medinapark/,"Актау, 33 мкр., 28 участок",290000²tg,,
https://krisha.kz/complex/show/nur-sultan/metro/,"Астана, Алматы р-н, ул. А127",400000²tg,,
https://krisha.kz/complex/show/nur-sultan/miami/,"Астана, Есильский р-н, ул. Сыганак, 13",500000²tg,,
https://krisha.kz/complex/show/astana/millenium-park/,"Астана, Алматы р-н, ул. К. Аманжолова, 28/2 - Нажимеденова",438000²tg,,
https://krisha.kz/complex/show/aktau/mizam/,"Актау, 32В мкр.",145000²tg,,
https://krisha.kz/complex/show/almaty/nefuptown/,"Алматы, Наурызбайский р-н, мкр.Рахат, ул.Культобе, уч.№1, уч№24",950000²tg,,
https://krisha.kz/complex/show/almaty/oner/,"Алматы, Алмалинский р-н, проспект Абая, уч. 165",638000²tg,,
https://krisha.kz/complex/show/nur-sultan/oner/,"Астана, Есильский р-н, ул. Әнет баба, 9/3",475000²tg,,
https://krisha.kz/complex/show/nur-sultan/onyx/,"Астана, ул. Чингиз Айтматов, 47",360000²tg,,
https://krisha.kz/complex/show/semey/orda/,"Семей, ул. Посмакова 67",355000²tg,,
https://krisha.kz/complex/show/nur-sultan/orkendeu/,"Астана, ул. А.Байтурсынова - ул. А83",430000²tg,,
https://krisha.kz/complex/show/karaganda/otbasyvillage/,"Караганда, Казыбек би р-н, ул. Акадeмическая 9/10",223250²tg,,
https://krisha.kz/complex/show/ust-kamenogorsk/premiera/,"Усть-Каменогорск, ул. К. Сатпаева, 84/4",380000²tg,,
https://krisha.kz/complex/show/nur-sultan/q-smart/,"Астана, ул. Бектурова / просп. Туран",400000²tg,,
https://krisha.kz/complex/show/nur-sultan/sezimqalasenim/,"Астана, Есильский р-н, ул. Т4 (рядом с ЛД ""Барыс Арена"")",464800²tg,,
https://krisha.kz/complex/show/almaty/qalqaman/,"Алматы, Наурызбайский р-н, микрорайон Калкаман-2, 8/3",380000²tg,,
https://krisha.kz/complex/show/shymkent/karligash/,"Шымкент, Абайский р-н, мкр. Жана Талап ул. Искакова б/н",270000²tg,,
https://krisha.kz/complex/show/petropavlovsk/qazaqstan/,"Петропавловск, ул Назарбаева 288В",360000²tg,,
https://krisha.kz/complex/show/aktau/royalresort/,"Актау, база отдыха «Теплый пляж», уч. №50/3",350000²tg,,
https://krisha.kz/complex/show/semey/samaltau/,"Семей, ул. ​Чайкиной, 25",320000²tg,,
https://krisha.kz/complex/show/karaganda/sapphir/,"Караганда, ул. 137-й учётный квартал",290000²tg,,
https://krisha.kz/complex/show/almaty/shahar/,"Алматы, ул. Райымбека, 524",475000²tg,,
https://krisha.kz/complex/show/aktau/shahartowers/,"Актау, 18-й мкр , 18 микрорайон, 43/1",250000²tg,,
https://krisha.kz/complex/show/shymkent/ulyshanyrak/,"Шымкент, мкр Нуртас",400000²tg,,
https://krisha.kz/complex/show/aktau/shevchenco/,"Актау, ​микрорайон 7а, 14",500000²tg,,
https://krisha.kz/complex/show/almaty/shveicaria/,"Алматы, Бостандыкский р-н, мкр.Нурлытау, улица Парасат (14-улица)",470000²tg,,
https://krisha.kz/complex/show/nur-sultan/sozak/,"Астана, Алматы р-н, ул. Тауелсиздик, 34/9",400000²tg,,
https://krisha.kz/complex/show/nur-sultan/stockholm/,"Астана, Алматы р-н, ул. Касым Аманжолов, 20",550000²tg,,
https://krisha.kz/complex/show/shymkent/sultan/,"Шымкент, Каратауский р-н, мкр. Астана, дом 78, 79",400000²tg,,
https://krisha.kz/complex/show/aktau/sultan/,"Актау, 20 микрорайон",277000²tg,,
https://krisha.kz/complex/show/ust-kamenogorsk/ulan-tau/,"Усть-Каменогорск, ул. Аль-Фараби, 44",310000²tg,,
https://krisha.kz/complex/show/nur-sultan/velatown/,"Астана, Есильский р-н, ул. Ханшайым Суйинбике, 15Б",550000²tg,,
https://krisha.kz/complex/show/ust-kamenogorsk/trio/,"Усть-Каменогорск, ул. Красина, 8В",360000²tg,,
https://krisha.kz/complex/show/karaganda/turan/,"Караганда, Юго-восток Проспект Республики 1/7",310000²tg,,
https://krisha.kz/complex/show/shymkent/viva/,"Шымкент, ул. Аргынбекова - ул. Байтерекова",430000²tg,,
https://krisha.kz/complex/show/almaty/yrysty/,"Алматы, Алатауский р-н, ул. Ьlрысты, 46/6",450000²tg,,
https://krisha.kz/complex/show/aktobe/jangaly/,"Актобе, микрорайон Батыс-2, участок 2Г",195000²tg,,
https://krisha.kz/complex/show/almaty/zhaisan/,"Алматы, Наурызбайский р-н, мкрн Акжар, ул. Береке, уч. 7",420000²tg,,
https://krisha.kz/complex/show/nur-sultan/technikum2/,"Астана, Есильский р-н, Кургалжинское шоссе",440000²tg,,
https://krisha.kz/complex/show/nur-sultan/krystall2/,"Астана, Есильский р-н, ул. Айтеке би, 9",450000²tg,,
https://krisha.kz/complex/show/kostanay/kobylandybatyra/,"Костанай, Кобыланды батыра 28/3",340000²tg,,
https://krisha.kz/complex/show/almaty/4you/,"Алматы, Бостандыкский р-н, ​ул. Розыбакиева, 320",950000²tg,,
https://krisha.kz/complex/show/atyrau/abyroyresidence/,"Атырау, ул. Абулхайыр хана, 51а",370000²tg,,
https://krisha.kz/complex/show/almaty/agat/,"Алматы, Ауэзовский р-н, ул. Сатпаева, 145/1",tg,,
https://krisha.kz/complex/show/kostanay/alfabeta/,"Костанай, район Военный городок",340000²tg,,
https://krisha.kz/complex/show/almaty/almavilla/,"Алматы, Бостандыкский р-н, микрорайон Ерменсай, ул. Талды, 63",700000²tg,,
https://krisha.kz/complex/show/nur-sultan/angleterre/,"Астана, Есильский р-н, ул. Хусейн Бен Талал, 28",485000²tg,,
https://krisha.kz/complex/show/karaganda/janasaryarqa/,"Караганда, ул. Камали Дүйсембекова, 53/8",330000²tg,,
https://krisha.kz/complex/show/karaganda/asemqala/,"Караганда, ул. Муканова, 86",300000²tg,,
https://krisha.kz/complex/show/atyrau/avant-garde/,"Атырау, К. Медеубаев, 22Б (мкр.Авангард)",340000²tg,,
https://krisha.kz/complex/show/aktau/bgroupplaza/,"Актау, ​16-й микрорайон, 111",340000²tg,,
https://krisha.kz/complex/show/aktobe/bayansulu/,"Актобе, мкрн Батыс-2, участок 40B",270000²tg,,
https://krisha.kz/complex/show/kokshetau/baitas/,"Кокшетау, ул. Малика Габдулина, 4",tg,,
https://krisha.kz/complex/show/batumi/blackseatowers/,"Грузия, Батуми, Batumi, J.Shartava street, 16",232459²tg,,
https://krisha.kz/complex/show/almaty/medeucity/,"Алматы, Медеуский р-н, ул. Халиуллина, 196/1",450000²tg,,
https://krisha.kz/complex/show/nur-sultan/novacityujnyi/,"Астана, Есильский р-н, проспект Аль-Фараби, 44/1",470000²tg,,
https://krisha.kz/complex/show/nur-sultan/injucity/,"Астана, Есильский р-н, ул. Ильяса Омарова - ул Е312",500000²tg,,
https://krisha.kz/complex/show/almaty/ermensaiclub/,"Алматы, Бостандыкский р-н, ул. Талды, 13",1²tg,,
https://krisha.kz/complex/show/nur-sultan/saticlubhouse/,"Астана, Есильский р-н, пересечение проспекта Мангилик Ел и улицы №496, рядом с Республиканским госпиталем",550000²tg,,
https://krisha.kz/complex/show/almaty/ermensaihouse/,"Алматы, Бостандыкский р-н, ул. Каршыга Ахмедиярова, 94",665000²tg,,
https://krisha.kz/complex/show/evropeiskyikvartal/,"Алматы, Бостандыкский р-н, ул. Брусиловского, 245",tg,,
https://krisha.kz/complex/show/almaty/exclusivetime/,"Алматы, Медеуский р-н, мкр. Самал-3, дом 15",811453²tg,,
https://krisha.kz/complex/show/almaty/y-fithouse/,"Алматы, Наурызбайский р-н, ул. Герольда Бельгера, 1А",700000²tg,,
https://krisha.kz/complex/show/nur-sultan/kaycar/,"Косшы, П.Косшы, ул. Есмангельды, 60",228000²tg,,
https://krisha.kz/complex/show/almaty/kereyresidence/,"Алматы, Бостандыкский р-н, микрорайон Нур-Алатау ул 13, дом 34",700000²tg,,
https://krisha.kz/complex/show/shymkent/kokzhailau/,"Шымкент, Абайский р-н, ул. Тулеметова, 50/3",380000²tg,,
https://krisha.kz/complex/show/shymkent/kostura/,"Шымкент, ул. Байдибек би, 5",320000²tg,,
https://krisha.kz/complex/show/aktau/kuttymeken/,"Актау, 16 микрорайон, 79",250000²tg,,
https://krisha.kz/complex/show/nur-sultan/leyauyut/,"Астана, Сарыарка р-н, ул. Карталинская, 29/1",320000²tg,,
https://krisha.kz/complex/show/aktobe/mangilik/,"Актобе, микрорайон Батыс 2, ул. Мангилик Ел, 21",250000²tg,,
https://krisha.kz/complex/show/almaty/mereyterrace/,"Алматы, Медеуский р-н, мкр. Юбилейный, ул. Кайсенова",620000²tg,,
https://krisha.kz/complex/show/astana/miraj/,"Астана, Есильский р-н, ул. Мухамедханова, уч. 27",390000²tg,,
https://krisha.kz/complex/show/uralsk/zhanaorda/,"Уральск, Сырым Датова д. 38",250000²tg,,
https://krisha.kz/complex/show/aktau/president/,"Актау, 14 микрорайон, №84 участок",350000²tg,,
https://krisha.kz/complex/show/astana/sezimqala/,"Астана, Есильский р-н, Ул. Е-22, 2",tg,,
https://krisha.kz/complex/show/almaty/remizovka-residences/,"Алматы, Бостандыкский р-н, ул. Ерменсай, 25/1",880000²tg,,
https://krisha.kz/complex/show/atyrau/samaltown/,"Атырау, мкрн Самал, ул. №15",290000²tg,,
https://krisha.kz/complex/show/nur-sultan/sanitowers/,"Астана, Есильский р-н, ул. Ш. Айтматова, 53 - ул. Шоссе Коргалжын",440000²tg,,
https://krisha.kz/complex/show/terra/,"Алматы, Бостандыкский р-н, пр. Гагарина, 233",820000²tg,,
https://krisha.kz/complex/show/aktau/tumar/,"Актау, 19 микрорайон, 106 участок",260000²tg,,
https://krisha.kz/complex/show/aktau/versailles/,"Актау, 4а мкрн, 60",360000²tg,,
https://krisha.kz/complex/show/astana/altynshar2/,"Астана, Есильский р-н, ул. Бектурова, 4/6",330000²tg,,
https://krisha.kz/complex/show/almaty/assemplaza/,"Алматы, Алмалинский р-н, ул. Толе би, 185А",700000²tg,,
https://krisha.kz/complex/show/astoriya/,"Астана, Есильский р-н, Есильский район, пересечение улиц Сарайшик и Кабанбай Батыра",500000²tg,,
https://krisha.kz/complex/show/kapshagai/balsulux/,"Конаев (Капчагай), мкр 18, ул. Курылысшы, 19/19",460000²tg,,
https://krisha.kz/complex/show/aktobe/bavaria/,"Актобе, мкр Батыс 2,  ул. Мустафы Шокая",230000²tg,,
https://krisha.kz/complex/show/atyrau/elordaresidence/,"Атырау, ул. мкрн Нурсая, Елорда, 19а",430000²tg,,
https://krisha.kz/complex/show/almaty/gulder/,"Алматы, Наурызбайский р-н, микрорайон Калкаман-2, ул. Абишева, 3",509932²tg,,
https://krisha.kz/complex/show/astana/holland/,"Астана, Есильский р-н, ул. Шамши Калдаякова - просп. Тауелсыздык и ул. № А13",594000²tg,,
https://krisha.kz/complex/show/shymkent/kazygurt/,"Шымкент, Каратауский р-н, проспект Нурсултана Назарбаева, 178",370000²tg,,
https://krisha.kz/complex/show/atyrau/modern/,"Атырау, ул.Т. Жумагалиева 10",400000²tg,,
https://krisha.kz/complex/show/almaty/ush-konir/,"Алматы, Медеуский р-н, ул. Назарбаева, ул. Маметовой",570000²tg,,
https://krisha.kz/complex/show/astana/vip-gorodok-saranda/,"Астана, Есильский р-н, ул. Керей, Жанибек хандар, 8а",810000²tg,,
https://krisha.kz/complex/show/aktau/green-plaza/,"Актау, ​17-й микрорайон, 6",295000²tg,,
https://krisha.kz/complex/show/tabysty/,"Астана, Есильский р-н, Коргалжынское шоссе, ул. Е430, участок 2А",330000²tg,,
https://krisha.kz/complex/show/astana/5-element/,"Астана, Сарыарка р-н, ул. Шыганак, 3",460000²tg,,
https://krisha.kz/complex/show/akvarel/,"Алматы, Бостандыкский р-н, ул. Сатпаева 90 - ул. Туркебаева",655000²tg,,
https://krisha.kz/complex/show/ak-didar/,"Астана, Есильский р-н, улица Е-102, (Дом 11, Дом 11\1, Дом 11\2)",407000²tg,,
https://krisha.kz/complex/show/esentai-city/,"Алматы, Медеуский р-н, пр. Аль- Фараби, 116",15²tg,,
